{
    "type": "FeatureCollection",
    "metadata": {
        "generated": 1772636096000,
        "url": "https://earthquake.usgs.gov/earthquakes/feed/v1.0/summary/1.0_day.geojson",
        "title": "USGS Magnitude 1.0+ Earthquakes, Past Day",
        "status": 200,
        "api": "2.3.0",
        "count": 201
    },
    "features": [
        {
            "type": "Feature",
            "properties": {
                "mag": 1.65,
                "place": "82 km NE of Tonopah, Nevada",
                "time": 1772635629403,
                "updated": 1772635783471,
                "tz": null,
                "url": "https://earthquake.usgs.gov/earthquakes/eventpage/nn00911942",
                "detail": "https://earthquake.usgs.gov/earthquakes/feed/v1.0/detail/nn00911942.geojson",
                "felt": null,
                "cdi": null,
                "mmi": null,
                "alert": null,
                "status": "automatic",
                "tsunami": 0,
                "sig": 42,
                "net": "nn",
                "code": "00911942",
                "ids": ",nn00911942,",
                "sources": ",nn,",
                "types": ",origin,phase-data,",
                "nst": 8,
                "dmin": 1.062,
                "rms": 0.1479,
                "gap": 203,
                "magType": "ml",
                "type": "earthquake",
                "title": "M 1.7 - 82 km NE of Tonopah, Nevada"
            },
            "geometry": {
                "type": "Point",
                "coordinates": [
                    -116.4677,
                    38.5043,
                    2.6409
                ]
            },
            "id": "nn00911942"
        },
        {
            "type": "Feature",
            "properties": {
                "mag": 1.89,
                "place": "7 km NE of Calexico, CA",
                "time": 1772634369430,
                "updated": 1772634591158,
                "tz": null,
                "url": "https://earthquake.usgs.gov/earthquakes/eventpage/ci41409096",
                "detail": "https://earthquake.usgs.gov/earthquakes/feed/v1.0/detail/ci41409096.geojson",
                "felt": null,
                "cdi": null,
                "mmi": null,
                "alert": null,
                "status": "automatic",
                "tsunami": 0,
                "sig": 55,
                "net": "ci",
                "code": "41409096",
                "ids": ",ci41409096,",
                "sources": ",ci,",
                "types": ",nearby-cities,origin,phase-data,scitech-link,",
                "nst": 31,
                "dmin": 0.06206,
                "rms": 0.23,
                "gap": 55,
                "magType": "ml",
                "type": "earthquake",
                "title": "M 1.9 - 7 km NE of Calexico, CA"
            },
            "geometry": {
                "type": "Point",
                "coordinates": [
                    -115.439666666667,
                    32.7128333333333,
                    12.53
                ]
            },
            "id": "ci41409096"
        },
        {
            "type": "Feature",
            "properties": {
                "mag": 2.27,
                "place": "7 km ENE of Calexico, CA",
                "time": 1772633942500,
                "updated": 1772634554300,
                "tz": null,
                "url": "https://earthquake.usgs.gov/earthquakes/eventpage/ci41409088",
                "detail": "https://earthquake.usgs.gov/earthquakes/feed/v1.0/detail/ci41409088.geojson",
                "felt": null,
                "cdi": null,
                "mmi": null,
                "alert": null,
                "status": "automatic",
                "tsunami": 0,
                "sig": 79,
                "net": "ci",
                "code": "41409088",
                "ids": ",ci41409088,",
                "sources": ",ci,",
                "types": ",focal-mechanism,nearby-cities,origin,phase-data,scitech-link,",
                "nst": 35,
                "dmin": 0.05937,
                "rms": 0.24,
                "gap": 55,
                "magType": "ml",
                "type": "earthquake",
                "title": "M 2.3 - 7 km ENE of Calexico, CA"
            },
            "geometry": {
                "type": "Point",
                "coordinates": [
                    -115.4375,
                    32.7066666666667,
                    14.44
                ]
            },
            "id": "ci41409088"
        },
        {
            "type": "Feature",
            "properties": {
                "mag": 1.7,
                "place": "16 km W of Skwentna, Alaska",
                "time": 1772633525880,
                "updated": 1772633631744,
                "tz": null,
                "url": "https://earthquake.usgs.gov/earthquakes/eventpage/aka2026ekxgvx",
                "detail": "https://earthquake.usgs.gov/earthquakes/feed/v1.0/detail/aka2026ekxgvx.geojson",
                "felt": null,
                "cdi": null,
                "mmi": null,
                "alert": null,
                "status": "automatic",
                "tsunami": 0,
                "sig": 44,
                "net": "ak",
                "code": "a2026ekxgvx",
                "ids": ",aka2026ekxgvx,",
                "sources": ",ak,",
                "types": ",origin,phase-data,",
                "nst": 33,
                "dmin": 0.1,
                "rms": 0.8,
                "gap": 102,
                "magType": "ml",
                "type": "earthquake",
                "title": "M 1.7 - 16 km W of Skwentna, Alaska"
            },
            "geometry": {
                "type": "Point",
                "coordinates": [
                    -151.713,
                    61.962,
                    3.8
                ]
            },
            "id": "aka2026ekxgvx"
        },
        {
            "type": "Feature",
            "properties": {
                "mag": 2.1,
                "place": "2 km NNW of Indios, Puerto Rico",
                "time": 1772633114860,
                "updated": 1772635125490,
                "tz": null,
                "url": "https://earthquake.usgs.gov/earthquakes/eventpage/pr71508988",
                "detail": "https://earthquake.usgs.gov/earthquakes/feed/v1.0/detail/pr71508988.geojson",
                "felt": null,
                "cdi": null,
                "mmi": null,
                "alert": null,
                "status": "reviewed",
                "tsunami": 0,
                "sig": 68,
                "net": "pr",
                "code": "71508988",
                "ids": ",pr71508988,",
                "sources": ",pr,",
                "types": ",origin,phase-data,",
                "nst": 9,
                "dmin": 0.05917,
                "rms": 0.18,
                "gap": 151,
                "magType": "md",
                "type": "earthquake",
                "title": "M 2.1 - 2 km NNW of Indios, Puerto Rico"
            },
            "geometry": {
                "type": "Point",
                "coordinates": [
                    -66.8306666666667,
                    18.0121666666667,
                    15.8
                ]
            },
            "id": "pr71508988"
        },
        {
            "type": "Feature",
            "properties": {
                "mag": 4.4,
                "place": "106 km SSE of Sand Point, Alaska",
                "time": 1772632659525,
                "updated": 1772634658946,
                "tz": null,
                "url": "https://earthquake.usgs.gov/earthquakes/eventpage/aka2026ekwuow",
                "detail": "https://earthquake.usgs.gov/earthquakes/feed/v1.0/detail/aka2026ekwuow.geojson",
                "felt": null,
                "cdi": null,
                "mmi": 2.905,
                "alert": null,
                "status": "reviewed",
                "tsunami": 0,
                "sig": 298,
                "net": "ak",
                "code": "a2026ekwuow",
                "ids": ",aka2026ekwuow,",
                "sources": ",ak,",
                "types": ",origin,phase-data,shakemap,",
                "nst": 113,
                "dmin": 1.4,
                "rms": 1.2,
                "gap": 208,
                "magType": "ml",
                "type": "earthquake",
                "title": "M 4.4 - 106 km SSE of Sand Point, Alaska"
            },
            "geometry": {
                "type": "Point",
                "coordinates": [
                    -159.828,
                    54.463,
                    20
                ]
            },
            "id": "aka2026ekwuow"
        },
        {
            "type": "Feature",
            "properties": {
                "mag": 1.75,
                "place": "6 km ENE of Calexico, CA",
                "time": 1772632453710,
                "updated": 1772633109300,
                "tz": null,
                "url": "https://earthquake.usgs.gov/earthquakes/eventpage/ci41409048",
                "detail": "https://earthquake.usgs.gov/earthquakes/feed/v1.0/detail/ci41409048.geojson",
                "felt": null,
                "cdi": null,
                "mmi": null,
                "alert": null,
                "status": "automatic",
                "tsunami": 0,
                "sig": 47,
                "net": "ci",
                "code": "41409048",
                "ids": ",ci41409048,",
                "sources": ",ci,",
                "types": ",focal-mechanism,nearby-cities,origin,phase-data,scitech-link,",
                "nst": 29,
                "dmin": 0.05982,
                "rms": 0.26,
                "gap": 67,
                "magType": "ml",
                "type": "earthquake",
                "title": "M 1.8 - 6 km ENE of Calexico, CA"
            },
            "geometry": {
                "type": "Point",
                "coordinates": [
                    -115.440166666667,
                    32.71,
                    12.43
                ]
            },
            "id": "ci41409048"
        },
        {
            "type": "Feature",
            "properties": {
                "mag": 3.4,
                "place": "108 km N of Yakutat, Alaska",
                "time": 1772632197185,
                "updated": 1772634133789,
                "tz": null,
                "url": "https://earthquake.usgs.gov/earthquakes/eventpage/aka2026ekwnsg",
                "detail": "https://earthquake.usgs.gov/earthquakes/feed/v1.0/detail/aka2026ekwnsg.geojson",
                "felt": null,
                "cdi": null,
                "mmi": null,
                "alert": null,
                "status": "reviewed",
                "tsunami": 0,
                "sig": 178,
                "net": "ak",
                "code": "a2026ekwnsg",
                "ids": ",aka2026ekwnsg,",
                "sources": ",ak,",
                "types": ",origin,phase-data,",
                "nst": 105,
                "dmin": 0.5,
                "rms": 1.7,
                "gap": 49,
                "magType": "ml",
                "type": "earthquake",
                "title": "M 3.4 - 108 km N of Yakutat, Alaska"
            },
            "geometry": {
                "type": "Point",
                "coordinates": [
                    -139.866,
                    60.521,
                    5
                ]
            },
            "id": "aka2026ekwnsg"
        },
        {
            "type": "Feature",
            "properties": {
                "mag": 1.77,
                "place": "12 km NNW of P\u0101hala, Hawaii",
                "time": 1772631886130,
                "updated": 1772632149410,
                "tz": null,
                "url": "https://earthquake.usgs.gov/earthquakes/eventpage/hv74912811",
                "detail": "https://earthquake.usgs.gov/earthquakes/feed/v1.0/detail/hv74912811.geojson",
                "felt": null,
                "cdi": null,
                "mmi": null,
                "alert": null,
                "status": "automatic",
                "tsunami": 0,
                "sig": 48,
                "net": "hv",
                "code": "74912811",
                "ids": ",hv74912811,",
                "sources": ",hv,",
                "types": ",origin,phase-data,",
                "nst": 40,
                "dmin": 0.06775,
                "rms": 0.289999992,
                "gap": 71,
                "magType": "md",
                "type": "earthquake",
                "title": "M 1.8 - 12 km NNW of P\u0101hala, Hawaii"
            },
            "geometry": {
                "type": "Point",
                "coordinates": [
                    -155.507507324219,
                    19.3159999847412,
                    3
                ]
            },
            "id": "hv74912811"
        },
        {
            "type": "Feature",
            "properties": {
                "mag": 5.4,
                "place": "222 km ESE of Attu Station, Alaska",
                "time": 1772630819753,
                "updated": 1772634425816,
                "tz": null,
                "url": "https://earthquake.usgs.gov/earthquakes/eventpage/us7000s1z1",
                "detail": "https://earthquake.usgs.gov/earthquakes/feed/v1.0/detail/us7000s1z1.geojson",
                "felt": null,
                "cdi": null,
                "mmi": 4.32,
                "alert": "green",
                "status": "reviewed",
                "tsunami": 1,
                "sig": 449,
                "net": "us",
                "code": "7000s1z1",
                "ids": ",at00tbdmp0,us7000s1z1,aka2026ekvups,",
                "sources": ",at,us,ak,",
                "types": ",impact-link,losspager,moment-tensor,oaf,origin,phase-data,shakemap,",
                "nst": 57,
                "dmin": 1.383,
                "rms": 0.92,
                "gap": 126,
                "magType": "mww",
                "type": "earthquake",
                "title": "M 5.4 - 222 km ESE of Attu Station, Alaska"
            },
            "geometry": {
                "type": "Point",
                "coordinates": [
                    176.3148,
                    52.2374,
                    10
                ]
            },
            "id": "us7000s1z1"
        },
        {
            "type": "Feature",
            "properties": {
                "mag": 3,
                "place": "82 km SSW of Atka, Alaska",
                "time": 1772630772093,
                "updated": 1772633619744,
                "tz": null,
                "url": "https://earthquake.usgs.gov/earthquakes/eventpage/aka2026ekvtgn",
                "detail": "https://earthquake.usgs.gov/earthquakes/feed/v1.0/detail/aka2026ekvtgn.geojson",
                "felt": null,
                "cdi": null,
                "mmi": null,
                "alert": null,
                "status": "reviewed",
                "tsunami": 0,
                "sig": 138,
                "net": "ak",
                "code": "a2026ekvtgn",
                "ids": ",aka2026ekvtgn,",
                "sources": ",ak,",
                "types": ",origin,phase-data,",
                "nst": 18,
                "dmin": 0.8,
                "rms": 0.3,
                "gap": 243,
                "magType": "ml",
                "type": "earthquake",
                "title": "M 3.0 - 82 km SSW of Atka, Alaska"
            },
            "geometry": {
                "type": "Point",
                "coordinates": [
                    -174.867,
                    51.576,
                    17.9
                ]
            },
            "id": "aka2026ekvtgn"
        },
        {
            "type": "Feature",
            "properties": {
                "mag": 1.95,
                "place": "6 km WNW of Lehi, Utah",
                "time": 1772630080030,
                "updated": 1772635368674,
                "tz": null,
                "url": "https://earthquake.usgs.gov/earthquakes/eventpage/uu80131111",
                "detail": "https://earthquake.usgs.gov/earthquakes/feed/v1.0/detail/uu80131111.geojson",
                "felt": 20,
                "cdi": 3.1,
                "mmi": null,
                "alert": null,
                "status": "reviewed",
                "tsunami": 0,
                "sig": 65,
                "net": "uu",
                "code": "80131111",
                "ids": ",us7000s1yz,uu80131111,",
                "sources": ",us,uu,",
                "types": ",dyfi,origin,phase-data,",
                "nst": 35,
                "dmin": 0.02268,
                "rms": 0.17,
                "gap": 58,
                "magType": "ml",
                "type": "earthquake",
                "title": "M 2.0 - 6 km WNW of Lehi, Utah"
            },
            "geometry": {
                "type": "Point",
                "coordinates": [
                    -111.921333333333,
                    40.4128333333333,
                    3.83
                ]
            },
            "id": "uu80131111"
        },
        {
            "type": "Feature",
            "properties": {
                "mag": 1.8,
                "place": "15 km SSE of Central, Alaska",
                "time": 1772630006262,
                "updated": 1772630113553,
                "tz": null,
                "url": "https://earthquake.usgs.gov/earthquakes/eventpage/aka2026ekvihu",
                "detail": "https://earthquake.usgs.gov/earthquakes/feed/v1.0/detail/aka2026ekvihu.geojson",
                "felt": null,
                "cdi": null,
                "mmi": null,
                "alert": null,
                "status": "automatic",
                "tsunami": 0,
                "sig": 50,
                "net": "ak",
                "code": "a2026ekvihu",
                "ids": ",aka2026ekvihu,",
                "sources": ",ak,",
                "types": ",origin,phase-data,",
                "nst": 10,
                "dmin": 0.4,
                "rms": 0.5,
                "gap": 210,
                "magType": "ml",
                "type": "earthquake",
                "title": "M 1.8 - 15 km SSE of Central, Alaska"
            },
            "geometry": {
                "type": "Point",
                "coordinates": [
                    -144.684,
                    65.446,
                    5
                ]
            },
            "id": "aka2026ekvihu"
        },
        {
            "type": "Feature",
            "properties": {
                "mag": 1.5,
                "place": "31 km NW of Toyah, Texas",
                "time": 1772629786008,
                "updated": 1772634709184,
                "tz": null,
                "url": "https://earthquake.usgs.gov/earthquakes/eventpage/tx2026ekvfdn",
                "detail": "https://earthquake.usgs.gov/earthquakes/feed/v1.0/detail/tx2026ekvfdn.geojson",
                "felt": null,
                "cdi": null,
                "mmi": null,
                "alert": null,
                "status": "reviewed",
                "tsunami": 0,
                "sig": 35,
                "net": "tx",
                "code": "2026ekvfdn",
                "ids": ",tx2026ekvfdn,",
                "sources": ",tx,",
                "types": ",origin,phase-data,",
                "nst": 29,
                "dmin": 0,
                "rms": 0.2,
                "gap": 56,
                "magType": "ml",
                "type": "earthquake",
                "title": "M 1.5 - 31 km NW of Toyah, Texas"
            },
            "geometry": {
                "type": "Point",
                "coordinates": [
                    -104.007,
                    31.528,
                    6.5613
                ]
            },
            "id": "tx2026ekvfdn"
        },
        {
            "type": "Feature",
            "properties": {
                "mag": 1.38,
                "place": "7 km ENE of Calexico, CA",
                "time": 1772629234070,
                "updated": 1772630205484,
                "tz": null,
                "url": "https://earthquake.usgs.gov/earthquakes/eventpage/ci41409032",
                "detail": "https://earthquake.usgs.gov/earthquakes/feed/v1.0/detail/ci41409032.geojson",
                "felt": 1,
                "cdi": 0,
                "mmi": null,
                "alert": null,
                "status": "automatic",
                "tsunami": 0,
                "sig": 29,
                "net": "ci",
                "code": "41409032",
                "ids": ",ci41409032,",
                "sources": ",ci,",
                "types": ",dyfi,nearby-cities,origin,phase-data,scitech-link,",
                "nst": 24,
                "dmin": 0.06226,
                "rms": 0.23,
                "gap": 84,
                "magType": "ml",
                "type": "earthquake",
                "title": "M 1.4 - 7 km ENE of Calexico, CA"
            },
            "geometry": {
                "type": "Point",
                "coordinates": [
                    -115.437166666667,
                    32.7108333333333,
                    13.39
                ]
            },
            "id": "ci41409032"
        },
        {
            "type": "Feature",
            "properties": {
                "mag": 1.4,
                "place": "31 km WSW of Ackerly, Texas",
                "time": 1772628908555,
                "updated": 1772634093530,
                "tz": null,
                "url": "https://earthquake.usgs.gov/earthquakes/eventpage/tx2026ekusmc",
                "detail": "https://earthquake.usgs.gov/earthquakes/feed/v1.0/detail/tx2026ekusmc.geojson",
                "felt": null,
                "cdi": null,
                "mmi": null,
                "alert": null,
                "status": "reviewed",
                "tsunami": 0,
                "sig": 30,
                "net": "tx",
                "code": "2026ekusmc",
                "ids": ",tx2026ekusmc,",
                "sources": ",tx,",
                "types": ",origin,phase-data,",
                "nst": 37,
                "dmin": 0,
                "rms": 0.1,
                "gap": 67,
                "magType": "ml",
                "type": "earthquake",
                "title": "M 1.4 - 31 km WSW of Ackerly, Texas"
            },
            "geometry": {
                "type": "Point",
                "coordinates": [
                    -102.02,
                    32.411,
                    8.9355
                ]
            },
            "id": "tx2026ekusmc"
        },
        {
            "type": "Feature",
            "properties": {
                "mag": 3.22789435607065,
                "place": "7 km NE of Calexico, CA",
                "time": 1772628904700,
                "updated": 1772635895648,
                "tz": null,
                "url": "https://earthquake.usgs.gov/earthquakes/eventpage/ci41409024",
                "detail": "https://earthquake.usgs.gov/earthquakes/feed/v1.0/detail/ci41409024.geojson",
                "felt": 20,
                "cdi": 3.2,
                "mmi": null,
                "alert": null,
                "status": "automatic",
                "tsunami": 0,
                "sig": 167,
                "net": "ci",
                "code": "41409024",
                "ids": ",ci41409024,us7000s1yx,ew1772628900,",
                "sources": ",ci,us,ew,",
                "types": ",dyfi,focal-mechanism,nearby-cities,origin,phase-data,scitech-link,shake-alert,",
                "nst": 61,
                "dmin": 0.06198,
                "rms": 0.280000001,
                "gap": 28,
                "magType": "ml",
                "type": "earthquake",
                "title": "M 3.2 - 7 km NE of Calexico, CA"
            },
            "geometry": {
                "type": "Point",
                "coordinates": [
                    -115.442001342773,
                    32.7146682739258,
                    15.6199998855591
                ]
            },
            "id": "ci41409024"
        },
        {
            "type": "Feature",
            "properties": {
                "mag": 1.4,
                "place": "10 km WSW of Stanton, Texas",
                "time": 1772628369486,
                "updated": 1772632959413,
                "tz": null,
                "url": "https://earthquake.usgs.gov/earthquakes/eventpage/tx2026ekuktq",
                "detail": "https://earthquake.usgs.gov/earthquakes/feed/v1.0/detail/tx2026ekuktq.geojson",
                "felt": null,
                "cdi": null,
                "mmi": null,
                "alert": null,
                "status": "reviewed",
                "tsunami": 0,
                "sig": 30,
                "net": "tx",
                "code": "2026ekuktq",
                "ids": ",tx2026ekuktq,",
                "sources": ",tx,",
                "types": ",origin,phase-data,",
                "nst": 47,
                "dmin": 0.1,
                "rms": 0.1,
                "gap": 39,
                "magType": "ml",
                "type": "earthquake",
                "title": "M 1.4 - 10 km WSW of Stanton, Texas"
            },
            "geometry": {
                "type": "Point",
                "coordinates": [
                    -101.897,
                    32.106,
                    8.4961
                ]
            },
            "id": "tx2026ekuktq"
        },
        {
            "type": "Feature",
            "properties": {
                "mag": 1.5,
                "place": "51 km SSW of Whites City, New Mexico",
                "time": 1772627639764,
                "updated": 1772629217185,
                "tz": null,
                "url": "https://earthquake.usgs.gov/earthquakes/eventpage/tx2026ekuaga",
                "detail": "https://earthquake.usgs.gov/earthquakes/feed/v1.0/detail/tx2026ekuaga.geojson",
                "felt": null,
                "cdi": null,
                "mmi": null,
                "alert": null,
                "status": "automatic",
                "tsunami": 0,
                "sig": 35,
                "net": "tx",
                "code": "2026ekuaga",
                "ids": ",tx2026ekuaga,",
                "sources": ",tx,",
                "types": ",origin,phase-data,",
                "nst": 8,
                "dmin": 0.1,
                "rms": 0.5,
                "gap": 259,
                "magType": "ml",
                "type": "earthquake",
                "title": "M 1.5 - 51 km SSW of Whites City, New Mexico"
            },
            "geometry": {
                "type": "Point",
                "coordinates": [
                    -104.642,
                    31.765,
                    0
                ]
            },
            "id": "tx2026ekuaga"
        },
        {
            "type": "Feature",
            "properties": {
                "mag": 4.5,
                "place": "43 km SW of Ovalle, Chile",
                "time": 1772627529033,
                "updated": 1772628511040,
                "tz": null,
                "url": "https://earthquake.usgs.gov/earthquakes/eventpage/us7000s1yw",
                "detail": "https://earthquake.usgs.gov/earthquakes/feed/v1.0/detail/us7000s1yw.geojson",
                "felt": null,
                "cdi": null,
                "mmi": null,
                "alert": null,
                "status": "reviewed",
                "tsunami": 0,
                "sig": 312,
                "net": "us",
                "code": "7000s1yw",
                "ids": ",us7000s1yw,",
                "sources": ",us,",
                "types": ",origin,phase-data,",
                "nst": 39,
                "dmin": 0.161,
                "rms": 0.97,
                "gap": 149,
                "magType": "mb",
                "type": "earthquake",
                "title": "M 4.5 - 43 km SW of Ovalle, Chile"
            },
            "geometry": {
                "type": "Point",
                "coordinates": [
                    -71.5719,
                    -30.8255,
                    44.762
                ]
            },
            "id": "us7000s1yw"
        },
        {
            "type": "Feature",
            "properties": {
                "mag": 2.18,
                "place": "2 km NE of Mountain View, Hawaii",
                "time": 1772626695050,
                "updated": 1772626931960,
                "tz": null,
                "url": "https://earthquake.usgs.gov/earthquakes/eventpage/hv74912746",
                "detail": "https://earthquake.usgs.gov/earthquakes/feed/v1.0/detail/hv74912746.geojson",
                "felt": null,
                "cdi": null,
                "mmi": null,
                "alert": null,
                "status": "automatic",
                "tsunami": 0,
                "sig": 73,
                "net": "hv",
                "code": "74912746",
                "ids": ",hv74912746,",
                "sources": ",hv,",
                "types": ",origin,phase-data,",
                "nst": 39,
                "dmin": 0.1405,
                "rms": 0.189999998,
                "gap": 98,
                "magType": "ml",
                "type": "earthquake",
                "title": "M 2.2 - 2 km NE of Mountain View, Hawaii"
            },
            "geometry": {
                "type": "Point",
                "coordinates": [
                    -155.094329833984,
                    19.5738334655762,
                    0.990000009536743
                ]
            },
            "id": "hv74912746"
        },
        {
            "type": "Feature",
            "properties": {
                "mag": 1,
                "place": "20 km NNW of Stanton, Texas",
                "time": 1772625591730,
                "updated": 1772635330255,
                "tz": null,
                "url": "https://earthquake.usgs.gov/earthquakes/eventpage/tx2026ekstxu",
                "detail": "https://earthquake.usgs.gov/earthquakes/feed/v1.0/detail/tx2026ekstxu.geojson",
                "felt": null,
                "cdi": null,
                "mmi": null,
                "alert": null,
                "status": "reviewed",
                "tsunami": 0,
                "sig": 15,
                "net": "tx",
                "code": "2026ekstxu",
                "ids": ",tx2026ekstxu,",
                "sources": ",tx,",
                "types": ",origin,phase-data,",
                "nst": 41,
                "dmin": 0,
                "rms": 0.2,
                "gap": 31,
                "magType": "ml",
                "type": "earthquake",
                "title": "M 1.0 - 20 km NNW of Stanton, Texas"
            },
            "geometry": {
                "type": "Point",
                "coordinates": [
                    -101.843,
                    32.312,
                    4.7607
                ]
            },
            "id": "tx2026ekstxu"
        },
        {
            "type": "Feature",
            "properties": {
                "mag": 1.18,
                "place": "5 km WNW of Borrego Springs, CA",
                "time": 1772624932470,
                "updated": 1772635281240,
                "tz": null,
                "url": "https://earthquake.usgs.gov/earthquakes/eventpage/ci41408976",
                "detail": "https://earthquake.usgs.gov/earthquakes/feed/v1.0/detail/ci41408976.geojson",
                "felt": null,
                "cdi": null,
                "mmi": null,
                "alert": null,
                "status": "reviewed",
                "tsunami": 0,
                "sig": 21,
                "net": "ci",
                "code": "41408976",
                "ids": ",ci41408976,",
                "sources": ",ci,",
                "types": ",focal-mechanism,nearby-cities,origin,phase-data,scitech-link,",
                "nst": 57,
                "dmin": 0.07608,
                "rms": 0.2,
                "gap": 37,
                "magType": "ml",
                "type": "earthquake",
                "title": "M 1.2 - 5 km WNW of Borrego Springs, CA"
            },
            "geometry": {
                "type": "Point",
                "coordinates": [
                    -116.429166666667,
                    33.271,
                    4.41
                ]
            },
            "id": "ci41408976"
        },
        {
            "type": "Feature",
            "properties": {
                "mag": 4.1,
                "place": "49 km N of La Serena, Chile",
                "time": 1772624915506,
                "updated": 1772629477040,
                "tz": null,
                "url": "https://earthquake.usgs.gov/earthquakes/eventpage/us7000s1yr",
                "detail": "https://earthquake.usgs.gov/earthquakes/feed/v1.0/detail/us7000s1yr.geojson",
                "felt": null,
                "cdi": null,
                "mmi": null,
                "alert": null,
                "status": "reviewed",
                "tsunami": 0,
                "sig": 259,
                "net": "us",
                "code": "7000s1yr",
                "ids": ",us7000s1yr,",
                "sources": ",us,",
                "types": ",origin,phase-data,",
                "nst": 24,
                "dmin": 0.461,
                "rms": 0.58,
                "gap": 133,
                "magType": "mb",
                "type": "earthquake",
                "title": "M 4.1 - 49 km N of La Serena, Chile"
            },
            "geometry": {
                "type": "Point",
                "coordinates": [
                    -71.2378,
                    -29.4557,
                    43.102
                ]
            },
            "id": "us7000s1yr"
        },
        {
            "type": "Feature",
            "properties": {
                "mag": 2.1,
                "place": "20 km SW of Karluk, Alaska",
                "time": 1772624523988,
                "updated": 1772624739166,
                "tz": null,
                "url": "https://earthquake.usgs.gov/earthquakes/eventpage/aka2026ekshne",
                "detail": "https://earthquake.usgs.gov/earthquakes/feed/v1.0/detail/aka2026ekshne.geojson",
                "felt": null,
                "cdi": null,
                "mmi": null,
                "alert": null,
                "status": "automatic",
                "tsunami": 0,
                "sig": 68,
                "net": "ak",
                "code": "a2026ekshne",
                "ids": ",aka2026ekshne,",
                "sources": ",ak,",
                "types": ",origin,phase-data,",
                "nst": 16,
                "dmin": 0.7,
                "rms": 0.4,
                "gap": 285,
                "magType": "ml",
                "type": "earthquake",
                "title": "M 2.1 - 20 km SW of Karluk, Alaska"
            },
            "geometry": {
                "type": "Point",
                "coordinates": [
                    -154.675,
                    57.428,
                    36.2
                ]
            },
            "id": "aka2026ekshne"
        },
        {
            "type": "Feature",
            "properties": {
                "mag": 1.11,
                "place": "17 km SE of Arvin, CA",
                "time": 1772624009320,
                "updated": 1772635272243,
                "tz": null,
                "url": "https://earthquake.usgs.gov/earthquakes/eventpage/ci41408968",
                "detail": "https://earthquake.usgs.gov/earthquakes/feed/v1.0/detail/ci41408968.geojson",
                "felt": null,
                "cdi": null,
                "mmi": null,
                "alert": null,
                "status": "reviewed",
                "tsunami": 0,
                "sig": 19,
                "net": "ci",
                "code": "41408968",
                "ids": ",ci41408968,",
                "sources": ",ci,",
                "types": ",nearby-cities,origin,phase-data,scitech-link,",
                "nst": 41,
                "dmin": 0.09245,
                "rms": 0.18,
                "gap": 79,
                "magType": "ml",
                "type": "earthquake",
                "title": "M 1.1 - 17 km SE of Arvin, CA"
            },
            "geometry": {
                "type": "Point",
                "coordinates": [
                    -118.6915,
                    35.1093333333333,
                    9.49
                ]
            },
            "id": "ci41408968"
        },
        {
            "type": "Feature",
            "properties": {
                "mag": 3.3,
                "place": "219 km SSE of Old Harbor, Alaska",
                "time": 1772623126676,
                "updated": 1772633382873,
                "tz": null,
                "url": "https://earthquake.usgs.gov/earthquakes/eventpage/aka2026ekrnfy",
                "detail": "https://earthquake.usgs.gov/earthquakes/feed/v1.0/detail/aka2026ekrnfy.geojson",
                "felt": null,
                "cdi": null,
                "mmi": null,
                "alert": null,
                "status": "reviewed",
                "tsunami": 0,
                "sig": 168,
                "net": "ak",
                "code": "a2026ekrnfy",
                "ids": ",aka2026ekrnfy,",
                "sources": ",ak,",
                "types": ",origin,phase-data,",
                "nst": 40,
                "dmin": 2.4,
                "rms": 0.9,
                "gap": 232,
                "magType": "ml",
                "type": "earthquake",
                "title": "M 3.3 - 219 km SSE of Old Harbor, Alaska"
            },
            "geometry": {
                "type": "Point",
                "coordinates": [
                    -151.789,
                    55.42,
                    20
                ]
            },
            "id": "aka2026ekrnfy"
        },
        {
            "type": "Feature",
            "properties": {
                "mag": 4.3,
                "place": "233 km ESE of Attu Station, Alaska",
                "time": 1772623097543,
                "updated": 1772632883874,
                "tz": null,
                "url": "https://earthquake.usgs.gov/earthquakes/eventpage/us7000s1ys",
                "detail": "https://earthquake.usgs.gov/earthquakes/feed/v1.0/detail/us7000s1ys.geojson",
                "felt": null,
                "cdi": null,
                "mmi": 2.387,
                "alert": null,
                "status": "reviewed",
                "tsunami": 0,
                "sig": 284,
                "net": "us",
                "code": "7000s1ys",
                "ids": ",aka2026ekrncu,us7000s1ys,",
                "sources": ",ak,us,",
                "types": ",origin,phase-data,shakemap,",
                "nst": 38,
                "dmin": 1.362,
                "rms": 0.77,
                "gap": 183,
                "magType": "mb",
                "type": "earthquake",
                "title": "M 4.3 - 233 km ESE of Attu Station, Alaska"
            },
            "geometry": {
                "type": "Point",
                "coordinates": [
                    176.3761,
                    52.0741,
                    10
                ]
            },
            "id": "us7000s1ys"
        },
        {
            "type": "Feature",
            "properties": {
                "mag": 1.33,
                "place": "18 km WSW of Round Valley, CA",
                "time": 1772622944090,
                "updated": 1772631139331,
                "tz": null,
                "url": "https://earthquake.usgs.gov/earthquakes/eventpage/nc75322357",
                "detail": "https://earthquake.usgs.gov/earthquakes/feed/v1.0/detail/nc75322357.geojson",
                "felt": null,
                "cdi": null,
                "mmi": null,
                "alert": null,
                "status": "automatic",
                "tsunami": 0,
                "sig": 27,
                "net": "nc",
                "code": "75322357",
                "ids": ",nc75322357,",
                "sources": ",nc,",
                "types": ",nearby-cities,origin,phase-data,scitech-link,",
                "nst": 8,
                "dmin": 0.1628,
                "rms": 0.03,
                "gap": 192,
                "magType": "md",
                "type": "earthquake",
                "title": "M 1.3 - 18 km WSW of Round Valley, CA"
            },
            "geometry": {
                "type": "Point",
                "coordinates": [
                    -118.794502258301,
                    37.376335144043,
                    4.94000005722046
                ]
            },
            "id": "nc75322357"
        },
        {
            "type": "Feature",
            "properties": {
                "mag": 1.43,
                "place": "11 km N of Fayette, Utah",
                "time": 1772622728320,
                "updated": 1772634511400,
                "tz": null,
                "url": "https://earthquake.usgs.gov/earthquakes/eventpage/uu80131106",
                "detail": "https://earthquake.usgs.gov/earthquakes/feed/v1.0/detail/uu80131106.geojson",
                "felt": null,
                "cdi": null,
                "mmi": null,
                "alert": null,
                "status": "reviewed",
                "tsunami": 0,
                "sig": 31,
                "net": "uu",
                "code": "80131106",
                "ids": ",uu80131106,",
                "sources": ",uu,",
                "types": ",origin,phase-data,",
                "nst": 15,
                "dmin": 0.1829,
                "rms": 0.12,
                "gap": 81,
                "magType": "ml",
                "type": "earthquake",
                "title": "M 1.4 - 11 km N of Fayette, Utah"
            },
            "geometry": {
                "type": "Point",
                "coordinates": [
                    -111.854333333333,
                    39.326,
                    11.98
                ]
            },
            "id": "uu80131106"
        },
        {
            "type": "Feature",
            "properties": {
                "mag": 1.64,
                "place": "4 km SE of San Ramon, CA",
                "time": 1772622435590,
                "updated": 1772629640157,
                "tz": null,
                "url": "https://earthquake.usgs.gov/earthquakes/eventpage/nc75322352",
                "detail": "https://earthquake.usgs.gov/earthquakes/feed/v1.0/detail/nc75322352.geojson",
                "felt": null,
                "cdi": null,
                "mmi": null,
                "alert": null,
                "status": "automatic",
                "tsunami": 0,
                "sig": 41,
                "net": "nc",
                "code": "75322352",
                "ids": ",nc75322352,",
                "sources": ",nc,",
                "types": ",nearby-cities,origin,phase-data,scitech-link,",
                "nst": 10,
                "dmin": 0.03822,
                "rms": 0.09,
                "gap": 92,
                "magType": "md",
                "type": "earthquake",
                "title": "M 1.6 - 4 km SE of San Ramon, CA"
            },
            "geometry": {
                "type": "Point",
                "coordinates": [
                    -121.944664001465,
                    37.7498321533203,
                    6.42000007629395
                ]
            },
            "id": "nc75322352"
        },
        {
            "type": "Feature",
            "properties": {
                "mag": 1.31,
                "place": "6 km WNW of Lehi, Utah",
                "time": 1772622111510,
                "updated": 1772635079040,
                "tz": null,
                "url": "https://earthquake.usgs.gov/earthquakes/eventpage/uu80131101",
                "detail": "https://earthquake.usgs.gov/earthquakes/feed/v1.0/detail/uu80131101.geojson",
                "felt": null,
                "cdi": null,
                "mmi": null,
                "alert": null,
                "status": "reviewed",
                "tsunami": 0,
                "sig": 26,
                "net": "uu",
                "code": "80131101",
                "ids": ",us7000s1yl,uu80131101,",
                "sources": ",us,uu,",
                "types": ",impact-text,origin,phase-data,",
                "nst": 23,
                "dmin": 0.02084,
                "rms": 0.16,
                "gap": 88,
                "magType": "ml",
                "type": "earthquake",
                "title": "M 1.3 - 6 km WNW of Lehi, Utah"
            },
            "geometry": {
                "type": "Point",
                "coordinates": [
                    -111.919666666667,
                    40.4141666666667,
                    3.28
                ]
            },
            "id": "uu80131101"
        },
        {
            "type": "Feature",
            "properties": {
                "mag": 2.24,
                "place": "5 km WNW of Lehi, Utah",
                "time": 1772621464980,
                "updated": 1772634619997,
                "tz": null,
                "url": "https://earthquake.usgs.gov/earthquakes/eventpage/uu80131096",
                "detail": "https://earthquake.usgs.gov/earthquakes/feed/v1.0/detail/uu80131096.geojson",
                "felt": 187,
                "cdi": 3.6,
                "mmi": null,
                "alert": null,
                "status": "reviewed",
                "tsunami": 0,
                "sig": 145,
                "net": "uu",
                "code": "80131096",
                "ids": ",us7000s1yj,uu80131096,",
                "sources": ",us,uu,",
                "types": ",dyfi,origin,phase-data,",
                "nst": 52,
                "dmin": 0.02369,
                "rms": 0.2,
                "gap": 31,
                "magType": "ml",
                "type": "earthquake",
                "title": "M 2.2 - 5 km WNW of Lehi, Utah"
            },
            "geometry": {
                "type": "Point",
                "coordinates": [
                    -111.915666666667,
                    40.4088333333333,
                    4.39
                ]
            },
            "id": "uu80131096"
        },
        {
            "type": "Feature",
            "properties": {
                "mag": 4.7,
                "place": "73 km S of Severo-Kuril\u2019sk, Russia",
                "time": 1772621377820,
                "updated": 1772622601040,
                "tz": null,
                "url": "https://earthquake.usgs.gov/earthquakes/eventpage/us7000s1yk",
                "detail": "https://earthquake.usgs.gov/earthquakes/feed/v1.0/detail/us7000s1yk.geojson",
                "felt": null,
                "cdi": null,
                "mmi": null,
                "alert": null,
                "status": "reviewed",
                "tsunami": 0,
                "sig": 340,
                "net": "us",
                "code": "7000s1yk",
                "ids": ",us7000s1yk,",
                "sources": ",us,",
                "types": ",origin,phase-data,",
                "nst": 53,
                "dmin": 3.28,
                "rms": 0.52,
                "gap": 139,
                "magType": "mb",
                "type": "earthquake",
                "title": "M 4.7 - 73 km S of Severo-Kuril\u2019sk, Russia"
            },
            "geometry": {
                "type": "Point",
                "coordinates": [
                    155.9299,
                    50.0238,
                    82.125
                ]
            },
            "id": "us7000s1yk"
        },
        {
            "type": "Feature",
            "properties": {
                "mag": 3.2,
                "place": "19 km ESE of Tanana, Alaska",
                "time": 1772621334065,
                "updated": 1772622986040,
                "tz": null,
                "url": "https://earthquake.usgs.gov/earthquakes/eventpage/aka2026ekqntv",
                "detail": "https://earthquake.usgs.gov/earthquakes/feed/v1.0/detail/aka2026ekqntv.geojson",
                "felt": null,
                "cdi": null,
                "mmi": null,
                "alert": null,
                "status": "automatic",
                "tsunami": 0,
                "sig": 158,
                "net": "ak",
                "code": "a2026ekqntv",
                "ids": ",us7000s1yi,aka2026ekqntv,",
                "sources": ",us,ak,",
                "types": ",origin,phase-data,",
                "nst": 35,
                "dmin": 0.1,
                "rms": 0.9,
                "gap": 71,
                "magType": "ml",
                "type": "earthquake",
                "title": "M 3.2 - 19 km ESE of Tanana, Alaska"
            },
            "geometry": {
                "type": "Point",
                "coordinates": [
                    -151.672,
                    65.137,
                    5.2
                ]
            },
            "id": "aka2026ekqntv"
        },
        {
            "type": "Feature",
            "properties": {
                "mag": 2.9,
                "place": "118 km N of Yakutat, Alaska",
                "time": 1772620391862,
                "updated": 1772621102040,
                "tz": null,
                "url": "https://earthquake.usgs.gov/earthquakes/eventpage/us7000s1yh",
                "detail": "https://earthquake.usgs.gov/earthquakes/feed/v1.0/detail/us7000s1yh.geojson",
                "felt": null,
                "cdi": null,
                "mmi": null,
                "alert": null,
                "status": "reviewed",
                "tsunami": 0,
                "sig": 129,
                "net": "us",
                "code": "7000s1yh",
                "ids": ",us7000s1yh,",
                "sources": ",us,",
                "types": ",origin,phase-data,",
                "nst": 21,
                "dmin": 0.551,
                "rms": 0.84,
                "gap": 74,
                "magType": "ml",
                "type": "earthquake",
                "title": "M 2.9 - 118 km N of Yakutat, Alaska"
            },
            "geometry": {
                "type": "Point",
                "coordinates": [
                    -139.8688,
                    60.6115,
                    5
                ]
            },
            "id": "us7000s1yh"
        },
        {
            "type": "Feature",
            "properties": {
                "mag": 2.24,
                "place": "6 km ENE of Calexico, CA",
                "time": 1772620169910,
                "updated": 1772620880950,
                "tz": null,
                "url": "https://earthquake.usgs.gov/earthquakes/eventpage/ci41408952",
                "detail": "https://earthquake.usgs.gov/earthquakes/feed/v1.0/detail/ci41408952.geojson",
                "felt": null,
                "cdi": null,
                "mmi": null,
                "alert": null,
                "status": "automatic",
                "tsunami": 0,
                "sig": 77,
                "net": "ci",
                "code": "41408952",
                "ids": ",ci41408952,",
                "sources": ",ci,",
                "types": ",focal-mechanism,nearby-cities,origin,phase-data,scitech-link,",
                "nst": 44,
                "dmin": 0.05837,
                "rms": 0.3,
                "gap": 34,
                "magType": "ml",
                "type": "earthquake",
                "title": "M 2.2 - 6 km ENE of Calexico, CA"
            },
            "geometry": {
                "type": "Point",
                "coordinates": [
                    -115.437166666667,
                    32.7046666666667,
                    14.03
                ]
            },
            "id": "ci41408952"
        },
        {
            "type": "Feature",
            "properties": {
                "mag": 1.94,
                "place": "10 km NW of Pinnacles, CA",
                "time": 1772619758120,
                "updated": 1772628140952,
                "tz": null,
                "url": "https://earthquake.usgs.gov/earthquakes/eventpage/nc75322342",
                "detail": "https://earthquake.usgs.gov/earthquakes/feed/v1.0/detail/nc75322342.geojson",
                "felt": null,
                "cdi": null,
                "mmi": null,
                "alert": null,
                "status": "automatic",
                "tsunami": 0,
                "sig": 58,
                "net": "nc",
                "code": "75322342",
                "ids": ",nc75322342,",
                "sources": ",nc,",
                "types": ",focal-mechanism,nearby-cities,origin,phase-data,scitech-link,",
                "nst": 39,
                "dmin": 0.04317,
                "rms": 0.17,
                "gap": 51,
                "magType": "md",
                "type": "earthquake",
                "title": "M 1.9 - 10 km NW of Pinnacles, CA"
            },
            "geometry": {
                "type": "Point",
                "coordinates": [
                    -121.237167358398,
                    36.5830001831055,
                    6.05000019073486
                ]
            },
            "id": "nc75322342"
        },
        {
            "type": "Feature",
            "properties": {
                "mag": 4.5,
                "place": "9 km ENE of Saipan, Northern Mariana Islands",
                "time": 1772619454411,
                "updated": 1772623321076,
                "tz": null,
                "url": "https://earthquake.usgs.gov/earthquakes/eventpage/us7000s1yf",
                "detail": "https://earthquake.usgs.gov/earthquakes/feed/v1.0/detail/us7000s1yf.geojson",
                "felt": 0,
                "cdi": 1,
                "mmi": null,
                "alert": null,
                "status": "reviewed",
                "tsunami": 0,
                "sig": 312,
                "net": "us",
                "code": "7000s1yf",
                "ids": ",us7000s1yf,",
                "sources": ",us,",
                "types": ",dyfi,origin,phase-data,",
                "nst": 43,
                "dmin": 0.049,
                "rms": 0.48,
                "gap": 80,
                "magType": "mb",
                "type": "earthquake",
                "title": "M 4.5 - 9 km ENE of Saipan, Northern Mariana Islands"
            },
            "geometry": {
                "type": "Point",
                "coordinates": [
                    145.8423,
                    15.2323,
                    119.274
                ]
            },
            "id": "us7000s1yf"
        },
        {
            "type": "Feature",
            "properties": {
                "mag": 4.5,
                "place": "south of the Fiji Islands",
                "time": 1772618906656,
                "updated": 1772619977040,
                "tz": null,
                "url": "https://earthquake.usgs.gov/earthquakes/eventpage/us7000s1yd",
                "detail": "https://earthquake.usgs.gov/earthquakes/feed/v1.0/detail/us7000s1yd.geojson",
                "felt": null,
                "cdi": null,
                "mmi": null,
                "alert": null,
                "status": "reviewed",
                "tsunami": 0,
                "sig": 312,
                "net": "us",
                "code": "7000s1yd",
                "ids": ",us7000s1yd,",
                "sources": ",us,",
                "types": ",origin,phase-data,",
                "nst": 29,
                "dmin": 6.201,
                "rms": 0.93,
                "gap": 114,
                "magType": "mb",
                "type": "earthquake",
                "title": "M 4.5 - south of the Fiji Islands"
            },
            "geometry": {
                "type": "Point",
                "coordinates": [
                    -179.8153,
                    -23.6463,
                    526.923
                ]
            },
            "id": "us7000s1yd"
        },
        {
            "type": "Feature",
            "properties": {
                "mag": 2.13,
                "place": "4 km WSW of Gu\u00e1nica, Puerto Rico",
                "time": 1772617687370,
                "updated": 1772620362960,
                "tz": null,
                "url": "https://earthquake.usgs.gov/earthquakes/eventpage/pr71508978",
                "detail": "https://earthquake.usgs.gov/earthquakes/feed/v1.0/detail/pr71508978.geojson",
                "felt": null,
                "cdi": null,
                "mmi": null,
                "alert": null,
                "status": "reviewed",
                "tsunami": 0,
                "sig": 70,
                "net": "pr",
                "code": "71508978",
                "ids": ",pr71508978,",
                "sources": ",pr,",
                "types": ",origin,phase-data,",
                "nst": 10,
                "dmin": 0.06314,
                "rms": 0.08,
                "gap": 207,
                "magType": "md",
                "type": "earthquake",
                "title": "M 2.1 - 4 km WSW of Gu\u00e1nica, Puerto Rico"
            },
            "geometry": {
                "type": "Point",
                "coordinates": [
                    -66.941,
                    17.9518333333333,
                    9.35
                ]
            },
            "id": "pr71508978"
        },
        {
            "type": "Feature",
            "properties": {
                "mag": 1.24,
                "place": "8 km ENE of Calumet, Oklahoma",
                "time": 1772617152820,
                "updated": 1772631407286,
                "tz": null,
                "url": "https://earthquake.usgs.gov/earthquakes/eventpage/ok2026ekah",
                "detail": "https://earthquake.usgs.gov/earthquakes/feed/v1.0/detail/ok2026ekah.geojson",
                "felt": null,
                "cdi": null,
                "mmi": null,
                "alert": null,
                "status": "reviewed",
                "tsunami": 0,
                "sig": 24,
                "net": "ok",
                "code": "2026ekah",
                "ids": ",ok2026ekah,",
                "sources": ",ok,",
                "types": ",origin,phase-data,",
                "nst": 43,
                "dmin": 0.1574690992,
                "rms": 0.2,
                "gap": 65,
                "magType": "ml",
                "type": "earthquake",
                "title": "M 1.2 - 8 km ENE of Calumet, Oklahoma"
            },
            "geometry": {
                "type": "Point",
                "coordinates": [
                    -98.02533333,
                    35.62633333,
                    5.66
                ]
            },
            "id": "ok2026ekah"
        },
        {
            "type": "Feature",
            "properties": {
                "mag": 4.7,
                "place": "241 km ENE of Lospalos, Timor Leste",
                "time": 1772616682984,
                "updated": 1772617852040,
                "tz": null,
                "url": "https://earthquake.usgs.gov/earthquakes/eventpage/us7000s1yb",
                "detail": "https://earthquake.usgs.gov/earthquakes/feed/v1.0/detail/us7000s1yb.geojson",
                "felt": null,
                "cdi": null,
                "mmi": null,
                "alert": null,
                "status": "reviewed",
                "tsunami": 0,
                "sig": 340,
                "net": "us",
                "code": "7000s1yb",
                "ids": ",us7000s1yb,",
                "sources": ",us,",
                "types": ",origin,phase-data,",
                "nst": 44,
                "dmin": 3.018,
                "rms": 0.78,
                "gap": 37,
                "magType": "mb",
                "type": "earthquake",
                "title": "M 4.7 - 241 km ENE of Lospalos, Timor Leste"
            },
            "geometry": {
                "type": "Point",
                "coordinates": [
                    128.8612,
                    -7.3749,
                    137.978
                ]
            },
            "id": "us7000s1yb"
        },
        {
            "type": "Feature",
            "properties": {
                "mag": 2.23,
                "place": "7 km SSW of Gu\u00e1nica, Puerto Rico",
                "time": 1772616186180,
                "updated": 1772618285230,
                "tz": null,
                "url": "https://earthquake.usgs.gov/earthquakes/eventpage/pr71508973",
                "detail": "https://earthquake.usgs.gov/earthquakes/feed/v1.0/detail/pr71508973.geojson",
                "felt": null,
                "cdi": null,
                "mmi": null,
                "alert": null,
                "status": "reviewed",
                "tsunami": 0,
                "sig": 77,
                "net": "pr",
                "code": "71508973",
                "ids": ",pr71508973,",
                "sources": ",pr,",
                "types": ",origin,phase-data,",
                "nst": 11,
                "dmin": 0.08217,
                "rms": 0.1,
                "gap": 232,
                "magType": "md",
                "type": "earthquake",
                "title": "M 2.2 - 7 km SSW of Gu\u00e1nica, Puerto Rico"
            },
            "geometry": {
                "type": "Point",
                "coordinates": [
                    -66.9368333333333,
                    17.9135,
                    11.03
                ]
            },
            "id": "pr71508973"
        },
        {
            "type": "Feature",
            "properties": {
                "mag": 1.36,
                "place": "8 km ENE of Calumet, Oklahoma",
                "time": 1772615883439,
                "updated": 1772631648973,
                "tz": null,
                "url": "https://earthquake.usgs.gov/earthquakes/eventpage/ok2026ejzp",
                "detail": "https://earthquake.usgs.gov/earthquakes/feed/v1.0/detail/ok2026ejzp.geojson",
                "felt": null,
                "cdi": null,
                "mmi": null,
                "alert": null,
                "status": "reviewed",
                "tsunami": 0,
                "sig": 28,
                "net": "ok",
                "code": "2026ejzp",
                "ids": ",ok2026ejzp,",
                "sources": ",ok,",
                "types": ",origin,phase-data,",
                "nst": 70,
                "dmin": 0.1610683929,
                "rms": 0.25,
                "gap": 48,
                "magType": "ml",
                "type": "earthquake",
                "title": "M 1.4 - 8 km ENE of Calumet, Oklahoma"
            },
            "geometry": {
                "type": "Point",
                "coordinates": [
                    -98.02766667,
                    35.62466667,
                    5.1
                ]
            },
            "id": "ok2026ejzp"
        },
        {
            "type": "Feature",
            "properties": {
                "mag": 1.75,
                "place": "7 km ENE of Calumet, Oklahoma",
                "time": 1772615243019,
                "updated": 1772629861230,
                "tz": null,
                "url": "https://earthquake.usgs.gov/earthquakes/eventpage/ok2026ejzg",
                "detail": "https://earthquake.usgs.gov/earthquakes/feed/v1.0/detail/ok2026ejzg.geojson",
                "felt": null,
                "cdi": null,
                "mmi": null,
                "alert": null,
                "status": "reviewed",
                "tsunami": 0,
                "sig": 47,
                "net": "ok",
                "code": "2026ejzg",
                "ids": ",ok2026ejzg,",
                "sources": ",ok,",
                "types": ",origin,phase-data,",
                "nst": 82,
                "dmin": 0.1556694523,
                "rms": 0.29,
                "gap": 49,
                "magType": "ml",
                "type": "earthquake",
                "title": "M 1.8 - 7 km ENE of Calumet, Oklahoma"
            },
            "geometry": {
                "type": "Point",
                "coordinates": [
                    -98.04283333,
                    35.61433333,
                    5.88
                ]
            },
            "id": "ok2026ejzg"
        },
        {
            "type": "Feature",
            "properties": {
                "mag": 1.5,
                "place": "31 km NW of Toyah, Texas",
                "time": 1772615075728,
                "updated": 1772618819245,
                "tz": null,
                "url": "https://earthquake.usgs.gov/earthquakes/eventpage/tx2026eknbwh",
                "detail": "https://earthquake.usgs.gov/earthquakes/feed/v1.0/detail/tx2026eknbwh.geojson",
                "felt": null,
                "cdi": null,
                "mmi": null,
                "alert": null,
                "status": "reviewed",
                "tsunami": 0,
                "sig": 35,
                "net": "tx",
                "code": "2026eknbwh",
                "ids": ",tx2026eknbwh,",
                "sources": ",tx,",
                "types": ",origin,phase-data,",
                "nst": 38,
                "dmin": 0,
                "rms": 0.2,
                "gap": 57,
                "magType": "ml",
                "type": "earthquake",
                "title": "M 1.5 - 31 km NW of Toyah, Texas"
            },
            "geometry": {
                "type": "Point",
                "coordinates": [
                    -104.01,
                    31.53,
                    7.1252
                ]
            },
            "id": "tx2026eknbwh"
        },
        {
            "type": "Feature",
            "properties": {
                "mag": 1.55,
                "place": "7 km ENE of Calumet, Oklahoma",
                "time": 1772615070149,
                "updated": 1772631230398,
                "tz": null,
                "url": "https://earthquake.usgs.gov/earthquakes/eventpage/ok2026ejzd",
                "detail": "https://earthquake.usgs.gov/earthquakes/feed/v1.0/detail/ok2026ejzd.geojson",
                "felt": null,
                "cdi": null,
                "mmi": null,
                "alert": null,
                "status": "reviewed",
                "tsunami": 0,
                "sig": 37,
                "net": "ok",
                "code": "2026ejzd",
                "ids": ",ok2026ejzd,",
                "sources": ",ok,",
                "types": ",origin,phase-data,",
                "nst": 89,
                "dmin": 0.1574690992,
                "rms": 0.33,
                "gap": 40,
                "magType": "ml",
                "type": "earthquake",
                "title": "M 1.6 - 7 km ENE of Calumet, Oklahoma"
            },
            "geometry": {
                "type": "Point",
                "coordinates": [
                    -98.04116667,
                    35.61383333,
                    3.59
                ]
            },
            "id": "ok2026ejzd"
        },
        {
            "type": "Feature",
            "properties": {
                "mag": 1.09,
                "place": "5 km WNW of Borrego Springs, CA",
                "time": 1772614829280,
                "updated": 1772635302357,
                "tz": null,
                "url": "https://earthquake.usgs.gov/earthquakes/eventpage/ci41408920",
                "detail": "https://earthquake.usgs.gov/earthquakes/feed/v1.0/detail/ci41408920.geojson",
                "felt": null,
                "cdi": null,
                "mmi": null,
                "alert": null,
                "status": "reviewed",
                "tsunami": 0,
                "sig": 18,
                "net": "ci",
                "code": "41408920",
                "ids": ",ci41408920,",
                "sources": ",ci,",
                "types": ",nearby-cities,origin,phase-data,scitech-link,",
                "nst": 61,
                "dmin": 0.07654,
                "rms": 0.19,
                "gap": 30,
                "magType": "ml",
                "type": "earthquake",
                "title": "M 1.1 - 5 km WNW of Borrego Springs, CA"
            },
            "geometry": {
                "type": "Point",
                "coordinates": [
                    -116.431,
                    33.2718333333333,
                    4.12
                ]
            },
            "id": "ci41408920"
        },
        {
            "type": "Feature",
            "properties": {
                "mag": 1.5,
                "place": "31 km NW of Toyah, Texas",
                "time": 1772614510828,
                "updated": 1772619395307,
                "tz": null,
                "url": "https://earthquake.usgs.gov/earthquakes/eventpage/tx2026ekmtte",
                "detail": "https://earthquake.usgs.gov/earthquakes/feed/v1.0/detail/tx2026ekmtte.geojson",
                "felt": null,
                "cdi": null,
                "mmi": null,
                "alert": null,
                "status": "reviewed",
                "tsunami": 0,
                "sig": 35,
                "net": "tx",
                "code": "2026ekmtte",
                "ids": ",tx2026ekmtte,",
                "sources": ",tx,",
                "types": ",origin,phase-data,",
                "nst": 39,
                "dmin": 0,
                "rms": 0.2,
                "gap": 56,
                "magType": "ml",
                "type": "earthquake",
                "title": "M 1.5 - 31 km NW of Toyah, Texas"
            },
            "geometry": {
                "type": "Point",
                "coordinates": [
                    -104.008,
                    31.529,
                    7.074
                ]
            },
            "id": "tx2026ekmtte"
        },
        {
            "type": "Feature",
            "properties": {
                "mag": 1.55,
                "place": "51 km ESE of Beatty, Nevada",
                "time": 1772614408580,
                "updated": 1772614525365,
                "tz": null,
                "url": "https://earthquake.usgs.gov/earthquakes/eventpage/nn00911915",
                "detail": "https://earthquake.usgs.gov/earthquakes/feed/v1.0/detail/nn00911915.geojson",
                "felt": null,
                "cdi": null,
                "mmi": null,
                "alert": null,
                "status": "automatic",
                "tsunami": 0,
                "sig": 37,
                "net": "nn",
                "code": "00911915",
                "ids": ",nn00911915,",
                "sources": ",nn,",
                "types": ",origin,phase-data,",
                "nst": 31,
                "dmin": 0.06,
                "rms": 0.2345,
                "gap": 51,
                "magType": "ml",
                "type": "earthquake",
                "title": "M 1.6 - 51 km ESE of Beatty, Nevada"
            },
            "geometry": {
                "type": "Point",
                "coordinates": [
                    -116.269,
                    36.6673,
                    5.5024
                ]
            },
            "id": "nn00911915"
        },
        {
            "type": "Feature",
            "properties": {
                "mag": 1.43,
                "place": "2 km SSW of Mexicali, B.C., MX",
                "time": 1772614080920,
                "updated": 1772614285247,
                "tz": null,
                "url": "https://earthquake.usgs.gov/earthquakes/eventpage/ci41408912",
                "detail": "https://earthquake.usgs.gov/earthquakes/feed/v1.0/detail/ci41408912.geojson",
                "felt": null,
                "cdi": null,
                "mmi": null,
                "alert": null,
                "status": "automatic",
                "tsunami": 0,
                "sig": 31,
                "net": "ci",
                "code": "41408912",
                "ids": ",ci41408912,",
                "sources": ",ci,",
                "types": ",nearby-cities,origin,phase-data,scitech-link,",
                "nst": 24,
                "dmin": 0.02951,
                "rms": 0.24,
                "gap": 70,
                "magType": "ml",
                "type": "earthquake",
                "title": "M 1.4 - 2 km SSW of Mexicali, B.C., MX"
            },
            "geometry": {
                "type": "Point",
                "coordinates": [
                    -115.479666666667,
                    32.6323333333333,
                    8.35
                ]
            },
            "id": "ci41408912"
        },
        {
            "type": "Feature",
            "properties": {
                "mag": 2,
                "place": "81 km W of Karluk, Alaska",
                "time": 1772614063214,
                "updated": 1772614182673,
                "tz": null,
                "url": "https://earthquake.usgs.gov/earthquakes/eventpage/aka2026ekmnin",
                "detail": "https://earthquake.usgs.gov/earthquakes/feed/v1.0/detail/aka2026ekmnin.geojson",
                "felt": null,
                "cdi": null,
                "mmi": null,
                "alert": null,
                "status": "automatic",
                "tsunami": 0,
                "sig": 62,
                "net": "ak",
                "code": "a2026ekmnin",
                "ids": ",aka2026ekmnin,",
                "sources": ",ak,",
                "types": ",origin,phase-data,",
                "nst": 20,
                "dmin": 0.3,
                "rms": 0.6,
                "gap": 251,
                "magType": "ml",
                "type": "earthquake",
                "title": "M 2.0 - 81 km W of Karluk, Alaska"
            },
            "geometry": {
                "type": "Point",
                "coordinates": [
                    -155.81,
                    57.516,
                    5
                ]
            },
            "id": "aka2026ekmnin"
        },
        {
            "type": "Feature",
            "properties": {
                "mag": 1.44,
                "place": "6 km NNW of Garnet, CA",
                "time": 1772613961230,
                "updated": 1772635319215,
                "tz": null,
                "url": "https://earthquake.usgs.gov/earthquakes/eventpage/ci41408904",
                "detail": "https://earthquake.usgs.gov/earthquakes/feed/v1.0/detail/ci41408904.geojson",
                "felt": null,
                "cdi": null,
                "mmi": null,
                "alert": null,
                "status": "reviewed",
                "tsunami": 0,
                "sig": 32,
                "net": "ci",
                "code": "41408904",
                "ids": ",ci41408904,",
                "sources": ",ci,",
                "types": ",focal-mechanism,nearby-cities,origin,phase-data,scitech-link,",
                "nst": 70,
                "dmin": 0.01733,
                "rms": 0.16,
                "gap": 28,
                "magType": "ml",
                "type": "earthquake",
                "title": "M 1.4 - 6 km NNW of Garnet, CA"
            },
            "geometry": {
                "type": "Point",
                "coordinates": [
                    -116.577333333333,
                    33.9533333333333,
                    11.44
                ]
            },
            "id": "ci41408904"
        },
        {
            "type": "Feature",
            "properties": {
                "mag": 1.11,
                "place": "2 km NE of The Geysers, CA",
                "time": 1772611877540,
                "updated": 1772622439314,
                "tz": null,
                "url": "https://earthquake.usgs.gov/earthquakes/eventpage/nc75322317",
                "detail": "https://earthquake.usgs.gov/earthquakes/feed/v1.0/detail/nc75322317.geojson",
                "felt": null,
                "cdi": null,
                "mmi": null,
                "alert": null,
                "status": "automatic",
                "tsunami": 0,
                "sig": 19,
                "net": "nc",
                "code": "75322317",
                "ids": ",nc75322317,",
                "sources": ",nc,",
                "types": ",nearby-cities,origin,phase-data,scitech-link,",
                "nst": 14,
                "dmin": 0.02104,
                "rms": 0.02,
                "gap": 92,
                "magType": "md",
                "type": "earthquake",
                "title": "M 1.1 - 2 km NE of The Geysers, CA"
            },
            "geometry": {
                "type": "Point",
                "coordinates": [
                    -122.736335754395,
                    38.7901649475098,
                    1.74000000953674
                ]
            },
            "id": "nc75322317"
        },
        {
            "type": "Feature",
            "properties": {
                "mag": 2.1,
                "place": "46 km SW of Beaver, Alaska",
                "time": 1772611523869,
                "updated": 1772611636465,
                "tz": null,
                "url": "https://earthquake.usgs.gov/earthquakes/eventpage/aka2026eklcwk",
                "detail": "https://earthquake.usgs.gov/earthquakes/feed/v1.0/detail/aka2026eklcwk.geojson",
                "felt": null,
                "cdi": null,
                "mmi": null,
                "alert": null,
                "status": "automatic",
                "tsunami": 0,
                "sig": 68,
                "net": "ak",
                "code": "a2026eklcwk",
                "ids": ",aka2026eklcwk,",
                "sources": ",ak,",
                "types": ",origin,phase-data,",
                "nst": 24,
                "dmin": 0.7,
                "rms": 0.7,
                "gap": 59,
                "magType": "ml",
                "type": "earthquake",
                "title": "M 2.1 - 46 km SW of Beaver, Alaska"
            },
            "geometry": {
                "type": "Point",
                "coordinates": [
                    -148.068,
                    66.047,
                    2.7
                ]
            },
            "id": "aka2026eklcwk"
        },
        {
            "type": "Feature",
            "properties": {
                "mag": 1.35,
                "place": "7 km ENE of Calumet, Oklahoma",
                "time": 1772611515359,
                "updated": 1772630838204,
                "tz": null,
                "url": "https://earthquake.usgs.gov/earthquakes/eventpage/ok2026ejxf",
                "detail": "https://earthquake.usgs.gov/earthquakes/feed/v1.0/detail/ok2026ejxf.geojson",
                "felt": null,
                "cdi": null,
                "mmi": null,
                "alert": null,
                "status": "reviewed",
                "tsunami": 0,
                "sig": 28,
                "net": "ok",
                "code": "2026ejxf",
                "ids": ",ok2026ejxf,",
                "sources": ",ok,",
                "types": ",origin,phase-data,",
                "nst": 92,
                "dmin": 0.1556694523,
                "rms": 0.36,
                "gap": 40,
                "magType": "ml",
                "type": "earthquake",
                "title": "M 1.4 - 7 km ENE of Calumet, Oklahoma"
            },
            "geometry": {
                "type": "Point",
                "coordinates": [
                    -98.042,
                    35.61583333,
                    3.58
                ]
            },
            "id": "ok2026ejxf"
        },
        {
            "type": "Feature",
            "properties": {
                "mag": 1.7,
                "place": "26 km NNW of Fishhook, Alaska",
                "time": 1772610802557,
                "updated": 1772610918403,
                "tz": null,
                "url": "https://earthquake.usgs.gov/earthquakes/eventpage/aka2026ekksmp",
                "detail": "https://earthquake.usgs.gov/earthquakes/feed/v1.0/detail/aka2026ekksmp.geojson",
                "felt": null,
                "cdi": null,
                "mmi": null,
                "alert": null,
                "status": "automatic",
                "tsunami": 0,
                "sig": 44,
                "net": "ak",
                "code": "a2026ekksmp",
                "ids": ",aka2026ekksmp,",
                "sources": ",ak,",
                "types": ",origin,phase-data,",
                "nst": 6,
                "dmin": 0.3,
                "rms": 0.5,
                "gap": 194,
                "magType": "ml",
                "type": "earthquake",
                "title": "M 1.7 - 26 km NNW of Fishhook, Alaska"
            },
            "geometry": {
                "type": "Point",
                "coordinates": [
                    -149.417,
                    61.963,
                    50.1
                ]
            },
            "id": "aka2026ekksmp"
        },
        {
            "type": "Feature",
            "properties": {
                "mag": 1.15,
                "place": "12 km SSE of Anza, CA",
                "time": 1772610271360,
                "updated": 1772635323149,
                "tz": null,
                "url": "https://earthquake.usgs.gov/earthquakes/eventpage/ci41408896",
                "detail": "https://earthquake.usgs.gov/earthquakes/feed/v1.0/detail/ci41408896.geojson",
                "felt": null,
                "cdi": null,
                "mmi": null,
                "alert": null,
                "status": "reviewed",
                "tsunami": 0,
                "sig": 20,
                "net": "ci",
                "code": "41408896",
                "ids": ",ci41408896,",
                "sources": ",ci,",
                "types": ",nearby-cities,origin,phase-data,scitech-link,",
                "nst": 73,
                "dmin": 0.03849,
                "rms": 0.2,
                "gap": 23,
                "magType": "ml",
                "type": "earthquake",
                "title": "M 1.2 - 12 km SSE of Anza, CA"
            },
            "geometry": {
                "type": "Point",
                "coordinates": [
                    -116.620166666667,
                    33.4591666666667,
                    8.99
                ]
            },
            "id": "ci41408896"
        },
        {
            "type": "Feature",
            "properties": {
                "mag": 2.2,
                "place": "74 km WSW of Cantwell, Alaska",
                "time": 1772610171634,
                "updated": 1772610292354,
                "tz": null,
                "url": "https://earthquake.usgs.gov/earthquakes/eventpage/aka2026ekkjla",
                "detail": "https://earthquake.usgs.gov/earthquakes/feed/v1.0/detail/aka2026ekkjla.geojson",
                "felt": null,
                "cdi": null,
                "mmi": null,
                "alert": null,
                "status": "automatic",
                "tsunami": 0,
                "sig": 74,
                "net": "ak",
                "code": "a2026ekkjla",
                "ids": ",aka2026ekkjla,",
                "sources": ",ak,",
                "types": ",origin,phase-data,",
                "nst": 55,
                "dmin": 0.7,
                "rms": 0.6,
                "gap": 47,
                "magType": "ml",
                "type": "earthquake",
                "title": "M 2.2 - 74 km WSW of Cantwell, Alaska"
            },
            "geometry": {
                "type": "Point",
                "coordinates": [
                    -150.389,
                    63.237,
                    127.2
                ]
            },
            "id": "aka2026ekkjla"
        },
        {
            "type": "Feature",
            "properties": {
                "mag": 1.66,
                "place": "7 km ENE of Calexico, CA",
                "time": 1772609857390,
                "updated": 1772610527750,
                "tz": null,
                "url": "https://earthquake.usgs.gov/earthquakes/eventpage/ci41408888",
                "detail": "https://earthquake.usgs.gov/earthquakes/feed/v1.0/detail/ci41408888.geojson",
                "felt": null,
                "cdi": null,
                "mmi": null,
                "alert": null,
                "status": "automatic",
                "tsunami": 0,
                "sig": 42,
                "net": "ci",
                "code": "41408888",
                "ids": ",ci41408888,",
                "sources": ",ci,",
                "types": ",focal-mechanism,nearby-cities,origin,phase-data,scitech-link,",
                "nst": 36,
                "dmin": 0.06086,
                "rms": 0.26,
                "gap": 55,
                "magType": "ml",
                "type": "earthquake",
                "title": "M 1.7 - 7 km ENE of Calexico, CA"
            },
            "geometry": {
                "type": "Point",
                "coordinates": [
                    -115.436666666667,
                    32.7081666666667,
                    13.22
                ]
            },
            "id": "ci41408888"
        },
        {
            "type": "Feature",
            "properties": {
                "mag": 1.17,
                "place": "2 km SE of Pacheco, CA",
                "time": 1772609148110,
                "updated": 1772618843904,
                "tz": null,
                "url": "https://earthquake.usgs.gov/earthquakes/eventpage/nc75322307",
                "detail": "https://earthquake.usgs.gov/earthquakes/feed/v1.0/detail/nc75322307.geojson",
                "felt": null,
                "cdi": null,
                "mmi": null,
                "alert": null,
                "status": "automatic",
                "tsunami": 0,
                "sig": 21,
                "net": "nc",
                "code": "75322307",
                "ids": ",nc75322307,",
                "sources": ",nc,",
                "types": ",nearby-cities,origin,phase-data,scitech-link,",
                "nst": 8,
                "dmin": 0.06702,
                "rms": 0.06,
                "gap": 153,
                "magType": "md",
                "type": "earthquake",
                "title": "M 1.2 - 2 km SE of Pacheco, CA"
            },
            "geometry": {
                "type": "Point",
                "coordinates": [
                    -122.058166503906,
                    37.9686660766602,
                    13.9899997711182
                ]
            },
            "id": "nc75322307"
        },
        {
            "type": "Feature",
            "properties": {
                "mag": 2.51,
                "place": "21 km NNE of Yerington, Nevada",
                "time": 1772606742198,
                "updated": 1772606886224,
                "tz": null,
                "url": "https://earthquake.usgs.gov/earthquakes/eventpage/nn00911906",
                "detail": "https://earthquake.usgs.gov/earthquakes/feed/v1.0/detail/nn00911906.geojson",
                "felt": null,
                "cdi": null,
                "mmi": null,
                "alert": null,
                "status": "automatic",
                "tsunami": 0,
                "sig": 97,
                "net": "nn",
                "code": "00911906",
                "ids": ",nn00911906,",
                "sources": ",nn,",
                "types": ",origin,phase-data,",
                "nst": 25,
                "dmin": 0.226,
                "rms": 0.2648,
                "gap": 74,
                "magType": "ml",
                "type": "earthquake",
                "title": "M 2.5 - 21 km NNE of Yerington, Nevada"
            },
            "geometry": {
                "type": "Point",
                "coordinates": [
                    -119.0409,
                    39.1499,
                    15.9741
                ]
            },
            "id": "nn00911906"
        },
        {
            "type": "Feature",
            "properties": {
                "mag": 4.9,
                "place": "149 km WSW of Fakfak, Indonesia",
                "time": 1772606665033,
                "updated": 1772608950040,
                "tz": null,
                "url": "https://earthquake.usgs.gov/earthquakes/eventpage/us7000s1xq",
                "detail": "https://earthquake.usgs.gov/earthquakes/feed/v1.0/detail/us7000s1xq.geojson",
                "felt": null,
                "cdi": null,
                "mmi": null,
                "alert": null,
                "status": "reviewed",
                "tsunami": 0,
                "sig": 369,
                "net": "us",
                "code": "7000s1xq",
                "ids": ",us7000s1xq,",
                "sources": ",us,",
                "types": ",origin,phase-data,",
                "nst": 53,
                "dmin": 1.292,
                "rms": 1.07,
                "gap": 56,
                "magType": "mb",
                "type": "earthquake",
                "title": "M 4.9 - 149 km WSW of Fakfak, Indonesia"
            },
            "geometry": {
                "type": "Point",
                "coordinates": [
                    130.9963,
                    -3.2467,
                    10
                ]
            },
            "id": "us7000s1xq"
        },
        {
            "type": "Feature",
            "properties": {
                "mag": 1.3,
                "place": "10 km WSW of Stanton, Texas",
                "time": 1772605834325,
                "updated": 1772615008483,
                "tz": null,
                "url": "https://earthquake.usgs.gov/earthquakes/eventpage/tx2026ekhyww",
                "detail": "https://earthquake.usgs.gov/earthquakes/feed/v1.0/detail/tx2026ekhyww.geojson",
                "felt": null,
                "cdi": null,
                "mmi": null,
                "alert": null,
                "status": "reviewed",
                "tsunami": 0,
                "sig": 26,
                "net": "tx",
                "code": "2026ekhyww",
                "ids": ",tx2026ekhyww,",
                "sources": ",tx,",
                "types": ",origin,phase-data,",
                "nst": 61,
                "dmin": 0.1,
                "rms": 0.1,
                "gap": 41,
                "magType": "ml",
                "type": "earthquake",
                "title": "M 1.3 - 10 km WSW of Stanton, Texas"
            },
            "geometry": {
                "type": "Point",
                "coordinates": [
                    -101.896,
                    32.107,
                    8.7646
                ]
            },
            "id": "tx2026ekhyww"
        },
        {
            "type": "Feature",
            "properties": {
                "mag": 1.7,
                "place": "17 km ESE of Glacier View, Alaska",
                "time": 1772605653239,
                "updated": 1772605843178,
                "tz": null,
                "url": "https://earthquake.usgs.gov/earthquakes/eventpage/aka2026ekhwns",
                "detail": "https://earthquake.usgs.gov/earthquakes/feed/v1.0/detail/aka2026ekhwns.geojson",
                "felt": null,
                "cdi": null,
                "mmi": null,
                "alert": null,
                "status": "automatic",
                "tsunami": 0,
                "sig": 44,
                "net": "ak",
                "code": "a2026ekhwns",
                "ids": ",aka2026ekhwns,",
                "sources": ",ak,",
                "types": ",origin,phase-data,",
                "nst": 24,
                "dmin": 0.1,
                "rms": 1.4,
                "gap": 85,
                "magType": "ml",
                "type": "earthquake",
                "title": "M 1.7 - 17 km ESE of Glacier View, Alaska"
            },
            "geometry": {
                "type": "Point",
                "coordinates": [
                    -147.365,
                    61.73,
                    25.4
                ]
            },
            "id": "aka2026ekhwns"
        },
        {
            "type": "Feature",
            "properties": {
                "mag": 4.5,
                "place": "12 km ESE of Letojanni, Italy",
                "time": 1772604315240,
                "updated": 1772625100174,
                "tz": null,
                "url": "https://earthquake.usgs.gov/earthquakes/eventpage/us7000s1xj",
                "detail": "https://earthquake.usgs.gov/earthquakes/feed/v1.0/detail/us7000s1xj.geojson",
                "felt": 6,
                "cdi": 4.6,
                "mmi": null,
                "alert": null,
                "status": "reviewed",
                "tsunami": 0,
                "sig": 314,
                "net": "us",
                "code": "7000s1xj",
                "ids": ",us7000s1xj,",
                "sources": ",us,",
                "types": ",dyfi,origin,phase-data,",
                "nst": 58,
                "dmin": 2.185,
                "rms": 0.77,
                "gap": 213,
                "magType": "mb",
                "type": "earthquake",
                "title": "M 4.5 - 12 km ESE of Letojanni, Italy"
            },
            "geometry": {
                "type": "Point",
                "coordinates": [
                    15.4313,
                    37.8259,
                    10
                ]
            },
            "id": "us7000s1xj"
        },
        {
            "type": "Feature",
            "properties": {
                "mag": 2.2,
                "place": "32 km W of Nikiski, Alaska",
                "time": 1772603129800,
                "updated": 1772603243049,
                "tz": null,
                "url": "https://earthquake.usgs.gov/earthquakes/eventpage/aka2026ekgmhh",
                "detail": "https://earthquake.usgs.gov/earthquakes/feed/v1.0/detail/aka2026ekgmhh.geojson",
                "felt": null,
                "cdi": null,
                "mmi": null,
                "alert": null,
                "status": "automatic",
                "tsunami": 0,
                "sig": 74,
                "net": "ak",
                "code": "a2026ekgmhh",
                "ids": ",aka2026ekgmhh,",
                "sources": ",ak,",
                "types": ",origin,phase-data,",
                "nst": 51,
                "dmin": 0.3,
                "rms": 0.6,
                "gap": 58,
                "magType": "ml",
                "type": "earthquake",
                "title": "M 2.2 - 32 km W of Nikiski, Alaska"
            },
            "geometry": {
                "type": "Point",
                "coordinates": [
                    -151.886,
                    60.736,
                    87.6
                ]
            },
            "id": "aka2026ekgmhh"
        },
        {
            "type": "Feature",
            "properties": {
                "mag": 1.24,
                "place": "14 km WSW of Toms Place, CA",
                "time": 1772602622760,
                "updated": 1772609840895,
                "tz": null,
                "url": "https://earthquake.usgs.gov/earthquakes/eventpage/nc75322277",
                "detail": "https://earthquake.usgs.gov/earthquakes/feed/v1.0/detail/nc75322277.geojson",
                "felt": null,
                "cdi": null,
                "mmi": null,
                "alert": null,
                "status": "automatic",
                "tsunami": 0,
                "sig": 24,
                "net": "nc",
                "code": "75322277",
                "ids": ",nc75322277,",
                "sources": ",nc,",
                "types": ",nearby-cities,origin,phase-data,scitech-link,",
                "nst": 18,
                "dmin": 0.07733,
                "rms": 0.04,
                "gap": 130,
                "magType": "md",
                "type": "earthquake",
                "title": "M 1.2 - 14 km WSW of Toms Place, CA"
            },
            "geometry": {
                "type": "Point",
                "coordinates": [
                    -118.824165344238,
                    37.5126647949219,
                    3.27999997138977
                ]
            },
            "id": "nc75322277"
        },
        {
            "type": "Feature",
            "properties": {
                "mag": 1,
                "place": "84 km NW of Karluk, Alaska",
                "time": 1772601415386,
                "updated": 1772601506907,
                "tz": null,
                "url": "https://earthquake.usgs.gov/earthquakes/eventpage/aka2026ekfnrj",
                "detail": "https://earthquake.usgs.gov/earthquakes/feed/v1.0/detail/aka2026ekfnrj.geojson",
                "felt": null,
                "cdi": null,
                "mmi": null,
                "alert": null,
                "status": "automatic",
                "tsunami": 0,
                "sig": 15,
                "net": "ak",
                "code": "a2026ekfnrj",
                "ids": ",aka2026ekfnrj,",
                "sources": ",ak,",
                "types": ",origin,phase-data,",
                "nst": 12,
                "dmin": 0,
                "rms": 0.2,
                "gap": 60,
                "magType": "ml",
                "type": "earthquake",
                "title": "M 1.0 - 84 km NW of Karluk, Alaska"
            },
            "geometry": {
                "type": "Point",
                "coordinates": [
                    -155.312,
                    58.175,
                    5
                ]
            },
            "id": "aka2026ekfnrj"
        },
        {
            "type": "Feature",
            "properties": {
                "mag": 4.1,
                "place": "228 km ESE of Attu Station, Alaska",
                "time": 1772600810999,
                "updated": 1772632381570,
                "tz": null,
                "url": "https://earthquake.usgs.gov/earthquakes/eventpage/aka2026ekffdr",
                "detail": "https://earthquake.usgs.gov/earthquakes/feed/v1.0/detail/aka2026ekffdr.geojson",
                "felt": null,
                "cdi": null,
                "mmi": 2.237,
                "alert": null,
                "status": "reviewed",
                "tsunami": 0,
                "sig": 259,
                "net": "ak",
                "code": "a2026ekffdr",
                "ids": ",aka2026ekffdr,",
                "sources": ",ak,",
                "types": ",origin,phase-data,shakemap,",
                "nst": 19,
                "dmin": 1.4,
                "rms": 1.1,
                "gap": 198,
                "magType": "ml",
                "type": "earthquake",
                "title": "M 4.1 - 228 km ESE of Attu Station, Alaska"
            },
            "geometry": {
                "type": "Point",
                "coordinates": [
                    176.195,
                    51.935,
                    10
                ]
            },
            "id": "aka2026ekffdr"
        },
        {
            "type": "Feature",
            "properties": {
                "mag": 1.78,
                "place": "22 km SSW of Leilani Estates, Hawaii",
                "time": 1772600684400,
                "updated": 1772600888410,
                "tz": null,
                "url": "https://earthquake.usgs.gov/earthquakes/eventpage/hv74912646",
                "detail": "https://earthquake.usgs.gov/earthquakes/feed/v1.0/detail/hv74912646.geojson",
                "felt": null,
                "cdi": null,
                "mmi": null,
                "alert": null,
                "status": "automatic",
                "tsunami": 0,
                "sig": 49,
                "net": "hv",
                "code": "74912646",
                "ids": ",hv74912646,",
                "sources": ",hv,",
                "types": ",origin,phase-data,",
                "nst": 17,
                "dmin": 0.1106,
                "rms": 0.129999995,
                "gap": 245,
                "magType": "md",
                "type": "earthquake",
                "title": "M 1.8 - 22 km SSW of Leilani Estates, Hawaii"
            },
            "geometry": {
                "type": "Point",
                "coordinates": [
                    -155.011993408203,
                    19.2878341674805,
                    35.2700004577637
                ]
            },
            "id": "hv74912646"
        },
        {
            "type": "Feature",
            "properties": {
                "mag": 1.5,
                "place": "31 km NW of Toyah, Texas",
                "time": 1772600568236,
                "updated": 1772616487191,
                "tz": null,
                "url": "https://earthquake.usgs.gov/earthquakes/eventpage/tx2026ekfbmz",
                "detail": "https://earthquake.usgs.gov/earthquakes/feed/v1.0/detail/tx2026ekfbmz.geojson",
                "felt": null,
                "cdi": null,
                "mmi": null,
                "alert": null,
                "status": "reviewed",
                "tsunami": 0,
                "sig": 35,
                "net": "tx",
                "code": "2026ekfbmz",
                "ids": ",tx2026ekfbmz,",
                "sources": ",tx,",
                "types": ",origin,phase-data,",
                "nst": 34,
                "dmin": 0,
                "rms": 0.2,
                "gap": 57,
                "magType": "ml",
                "type": "earthquake",
                "title": "M 1.5 - 31 km NW of Toyah, Texas"
            },
            "geometry": {
                "type": "Point",
                "coordinates": [
                    -104.01,
                    31.526,
                    7.1765
                ]
            },
            "id": "tx2026ekfbmz"
        },
        {
            "type": "Feature",
            "properties": {
                "mag": 1.3,
                "place": "10 km WSW of Stanton, Texas",
                "time": 1772600354131,
                "updated": 1772614235113,
                "tz": null,
                "url": "https://earthquake.usgs.gov/earthquakes/eventpage/tx2026ekeykw",
                "detail": "https://earthquake.usgs.gov/earthquakes/feed/v1.0/detail/tx2026ekeykw.geojson",
                "felt": null,
                "cdi": null,
                "mmi": null,
                "alert": null,
                "status": "reviewed",
                "tsunami": 0,
                "sig": 26,
                "net": "tx",
                "code": "2026ekeykw",
                "ids": ",tx2026ekeykw,",
                "sources": ",tx,",
                "types": ",origin,phase-data,",
                "nst": 62,
                "dmin": 0.1,
                "rms": 0.2,
                "gap": 40,
                "magType": "ml",
                "type": "earthquake",
                "title": "M 1.3 - 10 km WSW of Stanton, Texas"
            },
            "geometry": {
                "type": "Point",
                "coordinates": [
                    -101.896,
                    32.108,
                    8.8623
                ]
            },
            "id": "tx2026ekeykw"
        },
        {
            "type": "Feature",
            "properties": {
                "mag": 1.73,
                "place": "83 km NE of Tonopah, Nevada",
                "time": 1772598587039,
                "updated": 1772598748222,
                "tz": null,
                "url": "https://earthquake.usgs.gov/earthquakes/eventpage/nn00911889",
                "detail": "https://earthquake.usgs.gov/earthquakes/feed/v1.0/detail/nn00911889.geojson",
                "felt": null,
                "cdi": null,
                "mmi": null,
                "alert": null,
                "status": "automatic",
                "tsunami": 0,
                "sig": 46,
                "net": "nn",
                "code": "00911889",
                "ids": ",nn00911889,",
                "sources": ",nn,",
                "types": ",origin,phase-data,",
                "nst": 14,
                "dmin": 1.077,
                "rms": 0.3378,
                "gap": 200,
                "magType": "ml",
                "type": "earthquake",
                "title": "M 1.7 - 83 km NE of Tonopah, Nevada"
            },
            "geometry": {
                "type": "Point",
                "coordinates": [
                    -116.4513,
                    38.4953,
                    2.1941
                ]
            },
            "id": "nn00911889"
        },
        {
            "type": "Feature",
            "properties": {
                "mag": 2.52,
                "place": "39 km ESE of Mina, Nevada",
                "time": 1772598331433,
                "updated": 1772598591711,
                "tz": null,
                "url": "https://earthquake.usgs.gov/earthquakes/eventpage/nn00911886",
                "detail": "https://earthquake.usgs.gov/earthquakes/feed/v1.0/detail/nn00911886.geojson",
                "felt": null,
                "cdi": null,
                "mmi": null,
                "alert": null,
                "status": "automatic",
                "tsunami": 0,
                "sig": 98,
                "net": "nn",
                "code": "00911886",
                "ids": ",nn00911886,",
                "sources": ",nn,",
                "types": ",origin,phase-data,",
                "nst": 31,
                "dmin": 0.621,
                "rms": 0.3634,
                "gap": 112,
                "magType": "ml",
                "type": "earthquake",
                "title": "M 2.5 - 39 km ESE of Mina, Nevada"
            },
            "geometry": {
                "type": "Point",
                "coordinates": [
                    -117.7152,
                    38.2172,
                    11.061
                ]
            },
            "id": "nn00911886"
        },
        {
            "type": "Feature",
            "properties": {
                "mag": 4.5,
                "place": "18 km NNE of M\u00e1ncora, Peru",
                "time": 1772597664786,
                "updated": 1772598585040,
                "tz": null,
                "url": "https://earthquake.usgs.gov/earthquakes/eventpage/us7000s1wl",
                "detail": "https://earthquake.usgs.gov/earthquakes/feed/v1.0/detail/us7000s1wl.geojson",
                "felt": null,
                "cdi": null,
                "mmi": null,
                "alert": null,
                "status": "reviewed",
                "tsunami": 0,
                "sig": 312,
                "net": "us",
                "code": "7000s1wl",
                "ids": ",us7000s1wl,",
                "sources": ",us,",
                "types": ",origin,phase-data,",
                "nst": 18,
                "dmin": 1.022,
                "rms": 1.22,
                "gap": 179,
                "magType": "mb",
                "type": "earthquake",
                "title": "M 4.5 - 18 km NNE of M\u00e1ncora, Peru"
            },
            "geometry": {
                "type": "Point",
                "coordinates": [
                    -81.0108,
                    -3.9482,
                    35
                ]
            },
            "id": "us7000s1wl"
        },
        {
            "type": "Feature",
            "properties": {
                "mag": 4.7,
                "place": "Mariana Islands region",
                "time": 1772597646494,
                "updated": 1772599286040,
                "tz": null,
                "url": "https://earthquake.usgs.gov/earthquakes/eventpage/us7000s1ws",
                "detail": "https://earthquake.usgs.gov/earthquakes/feed/v1.0/detail/us7000s1ws.geojson",
                "felt": null,
                "cdi": null,
                "mmi": null,
                "alert": null,
                "status": "reviewed",
                "tsunami": 0,
                "sig": 340,
                "net": "us",
                "code": "7000s1ws",
                "ids": ",us7000s1ws,",
                "sources": ",us,",
                "types": ",origin,phase-data,",
                "nst": 58,
                "dmin": 4.876,
                "rms": 1.06,
                "gap": 128,
                "magType": "mb",
                "type": "earthquake",
                "title": "M 4.7 - Mariana Islands region"
            },
            "geometry": {
                "type": "Point",
                "coordinates": [
                    146.057,
                    20.1367,
                    35
                ]
            },
            "id": "us7000s1ws"
        },
        {
            "type": "Feature",
            "properties": {
                "mag": 1.7,
                "place": "22 km NNE of Karluk, Alaska",
                "time": 1772597445515,
                "updated": 1772597546223,
                "tz": null,
                "url": "https://earthquake.usgs.gov/earthquakes/eventpage/aka2026ekdiqx",
                "detail": "https://earthquake.usgs.gov/earthquakes/feed/v1.0/detail/aka2026ekdiqx.geojson",
                "felt": null,
                "cdi": null,
                "mmi": null,
                "alert": null,
                "status": "automatic",
                "tsunami": 0,
                "sig": 44,
                "net": "ak",
                "code": "a2026ekdiqx",
                "ids": ",aka2026ekdiqx,",
                "sources": ",ak,",
                "types": ",origin,phase-data,",
                "nst": 10,
                "dmin": 0.5,
                "rms": 0.3,
                "gap": 315,
                "magType": "ml",
                "type": "earthquake",
                "title": "M 1.7 - 22 km NNE of Karluk, Alaska"
            },
            "geometry": {
                "type": "Point",
                "coordinates": [
                    -154.326,
                    57.757,
                    27.4
                ]
            },
            "id": "aka2026ekdiqx"
        },
        {
            "type": "Feature",
            "properties": {
                "mag": 1.24,
                "place": "2 km SSE of Pacheco, CA",
                "time": 1772597414850,
                "updated": 1772603541246,
                "tz": null,
                "url": "https://earthquake.usgs.gov/earthquakes/eventpage/nc75322257",
                "detail": "https://earthquake.usgs.gov/earthquakes/feed/v1.0/detail/nc75322257.geojson",
                "felt": null,
                "cdi": null,
                "mmi": null,
                "alert": null,
                "status": "automatic",
                "tsunami": 0,
                "sig": 24,
                "net": "nc",
                "code": "75322257",
                "ids": ",nc75322257,",
                "sources": ",nc,",
                "types": ",nearby-cities,origin,phase-data,scitech-link,",
                "nst": 14,
                "dmin": 0.06957,
                "rms": 0.04,
                "gap": 151,
                "magType": "md",
                "type": "earthquake",
                "title": "M 1.2 - 2 km SSE of Pacheco, CA"
            },
            "geometry": {
                "type": "Point",
                "coordinates": [
                    -122.064331054688,
                    37.9686660766602,
                    14.4399995803833
                ]
            },
            "id": "nc75322257"
        },
        {
            "type": "Feature",
            "properties": {
                "mag": 1.8,
                "place": "31 km NW of Toyah, Texas",
                "time": 1772596489472,
                "updated": 1772615704119,
                "tz": null,
                "url": "https://earthquake.usgs.gov/earthquakes/eventpage/tx2026ekcuxv",
                "detail": "https://earthquake.usgs.gov/earthquakes/feed/v1.0/detail/tx2026ekcuxv.geojson",
                "felt": null,
                "cdi": null,
                "mmi": null,
                "alert": null,
                "status": "reviewed",
                "tsunami": 0,
                "sig": 50,
                "net": "tx",
                "code": "2026ekcuxv",
                "ids": ",tx2026ekcuxv,",
                "sources": ",tx,",
                "types": ",origin,phase-data,",
                "nst": 40,
                "dmin": 0,
                "rms": 0.2,
                "gap": 57,
                "magType": "ml",
                "type": "earthquake",
                "title": "M 1.8 - 31 km NW of Toyah, Texas"
            },
            "geometry": {
                "type": "Point",
                "coordinates": [
                    -104.007,
                    31.526,
                    6.8689
                ]
            },
            "id": "tx2026ekcuxv"
        },
        {
            "type": "Feature",
            "properties": {
                "mag": 2.6,
                "place": "96 km S of McCarthy, Alaska",
                "time": 1772595246367,
                "updated": 1772597562040,
                "tz": null,
                "url": "https://earthquake.usgs.gov/earthquakes/eventpage/aka2026ekcdbn",
                "detail": "https://earthquake.usgs.gov/earthquakes/feed/v1.0/detail/aka2026ekcdbn.geojson",
                "felt": null,
                "cdi": null,
                "mmi": null,
                "alert": null,
                "status": "automatic",
                "tsunami": 0,
                "sig": 104,
                "net": "ak",
                "code": "a2026ekcdbn",
                "ids": ",us7000s1wd,aka2026ekcdbn,",
                "sources": ",us,ak,",
                "types": ",origin,phase-data,",
                "nst": 53,
                "dmin": 0.2,
                "rms": 0.9,
                "gap": 51,
                "magType": "ml",
                "type": "earthquake",
                "title": "M 2.6 - 96 km S of McCarthy, Alaska"
            },
            "geometry": {
                "type": "Point",
                "coordinates": [
                    -142.696,
                    60.574,
                    12.1
                ]
            },
            "id": "aka2026ekcdbn"
        },
        {
            "type": "Feature",
            "properties": {
                "mag": 2.2,
                "place": "12 km W of Stanton, Texas",
                "time": 1772593721240,
                "updated": 1772613240017,
                "tz": null,
                "url": "https://earthquake.usgs.gov/earthquakes/eventpage/tx2026ekbhef",
                "detail": "https://earthquake.usgs.gov/earthquakes/feed/v1.0/detail/tx2026ekbhef.geojson",
                "felt": null,
                "cdi": null,
                "mmi": null,
                "alert": null,
                "status": "reviewed",
                "tsunami": 0,
                "sig": 74,
                "net": "tx",
                "code": "2026ekbhef",
                "ids": ",tx2026ekbhef,",
                "sources": ",tx,",
                "types": ",origin,phase-data,",
                "nst": 62,
                "dmin": 0.1,
                "rms": 0.1,
                "gap": 38,
                "magType": "ml",
                "type": "earthquake",
                "title": "M 2.2 - 12 km W of Stanton, Texas"
            },
            "geometry": {
                "type": "Point",
                "coordinates": [
                    -101.918,
                    32.121,
                    9.0088
                ]
            },
            "id": "tx2026ekbhef"
        },
        {
            "type": "Feature",
            "properties": {
                "mag": 4.4,
                "place": "225 km ESE of Attu Station, Alaska",
                "time": 1772592842138,
                "updated": 1772594809040,
                "tz": null,
                "url": "https://earthquake.usgs.gov/earthquakes/eventpage/us7000s1wa",
                "detail": "https://earthquake.usgs.gov/earthquakes/feed/v1.0/detail/us7000s1wa.geojson",
                "felt": null,
                "cdi": null,
                "mmi": 2.942,
                "alert": null,
                "status": "reviewed",
                "tsunami": 0,
                "sig": 298,
                "net": "us",
                "code": "7000s1wa",
                "ids": ",aka2026ekauub,us7000s1wa,",
                "sources": ",ak,us,",
                "types": ",origin,phase-data,shakemap,",
                "nst": 37,
                "dmin": 1.412,
                "rms": 0.56,
                "gap": 190,
                "magType": "mb",
                "type": "earthquake",
                "title": "M 4.4 - 225 km ESE of Attu Station, Alaska"
            },
            "geometry": {
                "type": "Point",
                "coordinates": [
                    176.232,
                    52.0419,
                    10
                ]
            },
            "id": "us7000s1wa"
        },
        {
            "type": "Feature",
            "properties": {
                "mag": 1.09,
                "place": "27 km SSW of Ocotillo Wells, CA",
                "time": 1772592378650,
                "updated": 1772635353248,
                "tz": null,
                "url": "https://earthquake.usgs.gov/earthquakes/eventpage/ci41408816",
                "detail": "https://earthquake.usgs.gov/earthquakes/feed/v1.0/detail/ci41408816.geojson",
                "felt": null,
                "cdi": null,
                "mmi": null,
                "alert": null,
                "status": "reviewed",
                "tsunami": 0,
                "sig": 18,
                "net": "ci",
                "code": "41408816",
                "ids": ",ci41408816,",
                "sources": ",ci,",
                "types": ",nearby-cities,origin,phase-data,scitech-link,",
                "nst": 41,
                "dmin": 0.0647,
                "rms": 0.21,
                "gap": 49,
                "magType": "ml",
                "type": "earthquake",
                "title": "M 1.1 - 27 km SSW of Ocotillo Wells, CA"
            },
            "geometry": {
                "type": "Point",
                "coordinates": [
                    -116.241833333333,
                    32.9156666666667,
                    6.95
                ]
            },
            "id": "ci41408816"
        },
        {
            "type": "Feature",
            "properties": {
                "mag": 2.6,
                "place": "86 km SSE of Akutan, Alaska",
                "time": 1772591772073,
                "updated": 1772592522751,
                "tz": null,
                "url": "https://earthquake.usgs.gov/earthquakes/eventpage/aka2026ekaffw",
                "detail": "https://earthquake.usgs.gov/earthquakes/feed/v1.0/detail/aka2026ekaffw.geojson",
                "felt": null,
                "cdi": null,
                "mmi": null,
                "alert": null,
                "status": "reviewed",
                "tsunami": 0,
                "sig": 104,
                "net": "ak",
                "code": "a2026ekaffw",
                "ids": ",aka2026ekaffw,",
                "sources": ",ak,",
                "types": ",origin,phase-data,",
                "nst": 19,
                "dmin": 0.7,
                "rms": 0.8,
                "gap": 221,
                "magType": "ml",
                "type": "earthquake",
                "title": "M 2.6 - 86 km SSE of Akutan, Alaska"
            },
            "geometry": {
                "type": "Point",
                "coordinates": [
                    -165.206,
                    53.434,
                    8
                ]
            },
            "id": "aka2026ekaffw"
        },
        {
            "type": "Feature",
            "properties": {
                "mag": 2.8,
                "place": "41 km SE of Esperanza, Puerto Rico",
                "time": 1772591686510,
                "updated": 1772594871180,
                "tz": null,
                "url": "https://earthquake.usgs.gov/earthquakes/eventpage/pr71508963",
                "detail": "https://earthquake.usgs.gov/earthquakes/feed/v1.0/detail/pr71508963.geojson",
                "felt": null,
                "cdi": null,
                "mmi": null,
                "alert": null,
                "status": "reviewed",
                "tsunami": 0,
                "sig": 121,
                "net": "pr",
                "code": "71508963",
                "ids": ",pr71508963,",
                "sources": ",pr,",
                "types": ",origin,phase-data,",
                "nst": 13,
                "dmin": 0.381,
                "rms": 0.58,
                "gap": 170,
                "magType": "md",
                "type": "earthquake",
                "title": "M 2.8 - 41 km SE of Esperanza, Puerto Rico"
            },
            "geometry": {
                "type": "Point",
                "coordinates": [
                    -65.1578333333333,
                    17.8685,
                    8.09
                ]
            },
            "id": "pr71508963"
        },
        {
            "type": "Feature",
            "properties": {
                "mag": 1.7,
                "place": "56 km NE of Chenega, Alaska",
                "time": 1772591371031,
                "updated": 1772592314732,
                "tz": null,
                "url": "https://earthquake.usgs.gov/earthquakes/eventpage/aka2026ejzzkt",
                "detail": "https://earthquake.usgs.gov/earthquakes/feed/v1.0/detail/aka2026ejzzkt.geojson",
                "felt": null,
                "cdi": null,
                "mmi": null,
                "alert": null,
                "status": "reviewed",
                "tsunami": 0,
                "sig": 44,
                "net": "ak",
                "code": "a2026ejzzkt",
                "ids": ",aka2026ejzzkt,",
                "sources": ",ak,",
                "types": ",origin,phase-data,",
                "nst": 17,
                "dmin": 0.4,
                "rms": 0.5,
                "gap": 84,
                "magType": "ml",
                "type": "earthquake",
                "title": "M 1.7 - 56 km NE of Chenega, Alaska"
            },
            "geometry": {
                "type": "Point",
                "coordinates": [
                    -147.367,
                    60.461,
                    20.9
                ]
            },
            "id": "aka2026ejzzkt"
        },
        {
            "type": "Feature",
            "properties": {
                "mag": 1.9,
                "place": "117 km N of Yakutat, Alaska",
                "time": 1772591267193,
                "updated": 1772592208721,
                "tz": null,
                "url": "https://earthquake.usgs.gov/earthquakes/eventpage/aka2026ejzxxq",
                "detail": "https://earthquake.usgs.gov/earthquakes/feed/v1.0/detail/aka2026ejzxxq.geojson",
                "felt": null,
                "cdi": null,
                "mmi": null,
                "alert": null,
                "status": "reviewed",
                "tsunami": 0,
                "sig": 56,
                "net": "ak",
                "code": "a2026ejzxxq",
                "ids": ",aka2026ejzxxq,",
                "sources": ",ak,",
                "types": ",origin,phase-data,",
                "nst": 14,
                "dmin": 0.5,
                "rms": 0.7,
                "gap": 87,
                "magType": "ml",
                "type": "earthquake",
                "title": "M 1.9 - 117 km N of Yakutat, Alaska"
            },
            "geometry": {
                "type": "Point",
                "coordinates": [
                    -139.903,
                    60.601,
                    11.1
                ]
            },
            "id": "aka2026ejzxxq"
        },
        {
            "type": "Feature",
            "properties": {
                "mag": 2.1,
                "place": "102 km N of Yakutat, Alaska",
                "time": 1772591126956,
                "updated": 1772592143716,
                "tz": null,
                "url": "https://earthquake.usgs.gov/earthquakes/eventpage/aka2026ejzvxg",
                "detail": "https://earthquake.usgs.gov/earthquakes/feed/v1.0/detail/aka2026ejzvxg.geojson",
                "felt": null,
                "cdi": null,
                "mmi": null,
                "alert": null,
                "status": "reviewed",
                "tsunami": 0,
                "sig": 68,
                "net": "ak",
                "code": "a2026ejzvxg",
                "ids": ",aka2026ejzvxg,",
                "sources": ",ak,",
                "types": ",origin,phase-data,",
                "nst": 19,
                "dmin": 0.5,
                "rms": 0.9,
                "gap": 52,
                "magType": "ml",
                "type": "earthquake",
                "title": "M 2.1 - 102 km N of Yakutat, Alaska"
            },
            "geometry": {
                "type": "Point",
                "coordinates": [
                    -139.674,
                    60.463,
                    0.8
                ]
            },
            "id": "aka2026ejzvxg"
        },
        {
            "type": "Feature",
            "properties": {
                "mag": 2.5,
                "place": "18 km S of Weston, Colorado",
                "time": 1772590694913,
                "updated": 1772591091040,
                "tz": null,
                "url": "https://earthquake.usgs.gov/earthquakes/eventpage/us7000s1vy",
                "detail": "https://earthquake.usgs.gov/earthquakes/feed/v1.0/detail/us7000s1vy.geojson",
                "felt": null,
                "cdi": null,
                "mmi": null,
                "alert": null,
                "status": "reviewed",
                "tsunami": 0,
                "sig": 96,
                "net": "us",
                "code": "7000s1vy",
                "ids": ",us7000s1vy,",
                "sources": ",us,",
                "types": ",origin,phase-data,",
                "nst": 15,
                "dmin": 0.166,
                "rms": 0.29,
                "gap": 84,
                "magType": "ml",
                "type": "earthquake",
                "title": "M 2.5 - 18 km S of Weston, Colorado"
            },
            "geometry": {
                "type": "Point",
                "coordinates": [
                    -104.8838,
                    36.9674,
                    3.091
                ]
            },
            "id": "us7000s1vy"
        },
        {
            "type": "Feature",
            "properties": {
                "mag": 1.64,
                "place": "18 km N of Henefer, Utah",
                "time": 1772589938000,
                "updated": 1772634941200,
                "tz": null,
                "url": "https://earthquake.usgs.gov/earthquakes/eventpage/uu80131081",
                "detail": "https://earthquake.usgs.gov/earthquakes/feed/v1.0/detail/uu80131081.geojson",
                "felt": null,
                "cdi": null,
                "mmi": null,
                "alert": null,
                "status": "reviewed",
                "tsunami": 0,
                "sig": 41,
                "net": "uu",
                "code": "80131081",
                "ids": ",uu80131081,",
                "sources": ",uu,",
                "types": ",origin,phase-data,",
                "nst": 18,
                "dmin": 0.1118,
                "rms": 0.13,
                "gap": 63,
                "magType": "ml",
                "type": "earthquake",
                "title": "M 1.6 - 18 km N of Henefer, Utah"
            },
            "geometry": {
                "type": "Point",
                "coordinates": [
                    -111.526666666667,
                    41.184,
                    7.16
                ]
            },
            "id": "uu80131081"
        },
        {
            "type": "Feature",
            "properties": {
                "mag": 1.7,
                "place": "20 km ESE of Denali National Park, Alaska",
                "time": 1772589353299,
                "updated": 1772592087711,
                "tz": null,
                "url": "https://earthquake.usgs.gov/earthquakes/eventpage/aka2026ejywlf",
                "detail": "https://earthquake.usgs.gov/earthquakes/feed/v1.0/detail/aka2026ejywlf.geojson",
                "felt": null,
                "cdi": null,
                "mmi": null,
                "alert": null,
                "status": "reviewed",
                "tsunami": 0,
                "sig": 44,
                "net": "ak",
                "code": "a2026ejywlf",
                "ids": ",aka2026ejywlf,",
                "sources": ",ak,",
                "types": ",origin,phase-data,",
                "nst": 16,
                "dmin": 0.3,
                "rms": 0.6,
                "gap": 50,
                "magType": "ml",
                "type": "earthquake",
                "title": "M 1.7 - 20 km ESE of Denali National Park, Alaska"
            },
            "geometry": {
                "type": "Point",
                "coordinates": [
                    -151.324,
                    63.486,
                    0.9
                ]
            },
            "id": "aka2026ejywlf"
        },
        {
            "type": "Feature",
            "properties": {
                "mag": 1.51,
                "place": "10 km SW of Idyllwild, CA",
                "time": 1772588962440,
                "updated": 1772635360435,
                "tz": null,
                "url": "https://earthquake.usgs.gov/earthquakes/eventpage/ci41408792",
                "detail": "https://earthquake.usgs.gov/earthquakes/feed/v1.0/detail/ci41408792.geojson",
                "felt": null,
                "cdi": null,
                "mmi": null,
                "alert": null,
                "status": "reviewed",
                "tsunami": 0,
                "sig": 35,
                "net": "ci",
                "code": "41408792",
                "ids": ",ci41408792,",
                "sources": ",ci,",
                "types": ",nearby-cities,origin,phase-data,scitech-link,",
                "nst": 11,
                "dmin": 0.07642,
                "rms": 0.09,
                "gap": 81,
                "magType": "ml",
                "type": "earthquake",
                "title": "M 1.5 - 10 km SW of Idyllwild, CA"
            },
            "geometry": {
                "type": "Point",
                "coordinates": [
                    -116.7955,
                    33.6826666666667,
                    15.5
                ]
            },
            "id": "ci41408792"
        },
        {
            "type": "Feature",
            "properties": {
                "mag": 1.8,
                "place": "6 km ESE of Ninilchik, Alaska",
                "time": 1772588811198,
                "updated": 1772589062207,
                "tz": null,
                "url": "https://earthquake.usgs.gov/earthquakes/eventpage/aka2026ejyoqq",
                "detail": "https://earthquake.usgs.gov/earthquakes/feed/v1.0/detail/aka2026ejyoqq.geojson",
                "felt": null,
                "cdi": null,
                "mmi": null,
                "alert": null,
                "status": "reviewed",
                "tsunami": 0,
                "sig": 50,
                "net": "ak",
                "code": "a2026ejyoqq",
                "ids": ",aka2026ejyoqq,",
                "sources": ",ak,",
                "types": ",origin,phase-data,",
                "nst": 21,
                "dmin": 0.4,
                "rms": 0.4,
                "gap": 71,
                "magType": "ml",
                "type": "earthquake",
                "title": "M 1.8 - 6 km ESE of Ninilchik, Alaska"
            },
            "geometry": {
                "type": "Point",
                "coordinates": [
                    -151.561,
                    60.038,
                    68
                ]
            },
            "id": "aka2026ejyoqq"
        },
        {
            "type": "Feature",
            "properties": {
                "mag": 1.14,
                "place": "10 km SW of Idyllwild, CA",
                "time": 1772588461740,
                "updated": 1772635360198,
                "tz": null,
                "url": "https://earthquake.usgs.gov/earthquakes/eventpage/ci41408784",
                "detail": "https://earthquake.usgs.gov/earthquakes/feed/v1.0/detail/ci41408784.geojson",
                "felt": null,
                "cdi": null,
                "mmi": null,
                "alert": null,
                "status": "reviewed",
                "tsunami": 0,
                "sig": 20,
                "net": "ci",
                "code": "41408784",
                "ids": ",ci41408784,",
                "sources": ",ci,",
                "types": ",focal-mechanism,nearby-cities,origin,phase-data,scitech-link,",
                "nst": 50,
                "dmin": 0.07956,
                "rms": 0.17,
                "gap": 41,
                "magType": "ml",
                "type": "earthquake",
                "title": "M 1.1 - 10 km SW of Idyllwild, CA"
            },
            "geometry": {
                "type": "Point",
                "coordinates": [
                    -116.800833333333,
                    33.6851666666667,
                    15.53
                ]
            },
            "id": "ci41408784"
        },
        {
            "type": "Feature",
            "properties": {
                "mag": 1.04,
                "place": "20 km N of Searles Valley, CA",
                "time": 1772588182590,
                "updated": 1772635372557,
                "tz": null,
                "url": "https://earthquake.usgs.gov/earthquakes/eventpage/ci41408776",
                "detail": "https://earthquake.usgs.gov/earthquakes/feed/v1.0/detail/ci41408776.geojson",
                "felt": null,
                "cdi": null,
                "mmi": null,
                "alert": null,
                "status": "reviewed",
                "tsunami": 0,
                "sig": 17,
                "net": "ci",
                "code": "41408776",
                "ids": ",ci41408776,",
                "sources": ",ci,",
                "types": ",nearby-cities,origin,phase-data,scitech-link,",
                "nst": 21,
                "dmin": 0.108,
                "rms": 0.16,
                "gap": 68,
                "magType": "ml",
                "type": "earthquake",
                "title": "M 1.0 - 20 km N of Searles Valley, CA"
            },
            "geometry": {
                "type": "Point",
                "coordinates": [
                    -117.396833333333,
                    35.9475,
                    2.13
                ]
            },
            "id": "ci41408776"
        },
        {
            "type": "Feature",
            "properties": {
                "mag": 1.11,
                "place": "10 km SW of Idyllwild, CA",
                "time": 1772587951680,
                "updated": 1772635380730,
                "tz": null,
                "url": "https://earthquake.usgs.gov/earthquakes/eventpage/ci41408768",
                "detail": "https://earthquake.usgs.gov/earthquakes/feed/v1.0/detail/ci41408768.geojson",
                "felt": null,
                "cdi": null,
                "mmi": null,
                "alert": null,
                "status": "reviewed",
                "tsunami": 0,
                "sig": 19,
                "net": "ci",
                "code": "41408768",
                "ids": ",ci41408768,",
                "sources": ",ci,",
                "types": ",nearby-cities,origin,phase-data,scitech-link,",
                "nst": 44,
                "dmin": 0.07852,
                "rms": 0.17,
                "gap": 41,
                "magType": "ml",
                "type": "earthquake",
                "title": "M 1.1 - 10 km SW of Idyllwild, CA"
            },
            "geometry": {
                "type": "Point",
                "coordinates": [
                    -116.800333333333,
                    33.687,
                    15.2
                ]
            },
            "id": "ci41408768"
        },
        {
            "type": "Feature",
            "properties": {
                "mag": 1.5,
                "place": "31 km NW of Toyah, Texas",
                "time": 1772587875763,
                "updated": 1772617708947,
                "tz": null,
                "url": "https://earthquake.usgs.gov/earthquakes/eventpage/tx2026ejybfk",
                "detail": "https://earthquake.usgs.gov/earthquakes/feed/v1.0/detail/tx2026ejybfk.geojson",
                "felt": null,
                "cdi": null,
                "mmi": null,
                "alert": null,
                "status": "reviewed",
                "tsunami": 0,
                "sig": 35,
                "net": "tx",
                "code": "2026ejybfk",
                "ids": ",tx2026ejybfk,",
                "sources": ",tx,",
                "types": ",origin,phase-data,",
                "nst": 36,
                "dmin": 0,
                "rms": 0.2,
                "gap": 56,
                "magType": "ml",
                "type": "earthquake",
                "title": "M 1.5 - 31 km NW of Toyah, Texas"
            },
            "geometry": {
                "type": "Point",
                "coordinates": [
                    -104.008,
                    31.531,
                    7.4585
                ]
            },
            "id": "tx2026ejybfk"
        },
        {
            "type": "Feature",
            "properties": {
                "mag": 2.06,
                "place": "15 km NW of Ferndale, CA",
                "time": 1772587682680,
                "updated": 1772594841212,
                "tz": null,
                "url": "https://earthquake.usgs.gov/earthquakes/eventpage/nc75322222",
                "detail": "https://earthquake.usgs.gov/earthquakes/feed/v1.0/detail/nc75322222.geojson",
                "felt": null,
                "cdi": null,
                "mmi": null,
                "alert": null,
                "status": "automatic",
                "tsunami": 0,
                "sig": 65,
                "net": "nc",
                "code": "75322222",
                "ids": ",nc75322222,",
                "sources": ",nc,",
                "types": ",nearby-cities,origin,phase-data,scitech-link,",
                "nst": 19,
                "dmin": 0.306,
                "rms": 0.14,
                "gap": 198,
                "magType": "md",
                "type": "earthquake",
                "title": "M 2.1 - 15 km NW of Ferndale, CA"
            },
            "geometry": {
                "type": "Point",
                "coordinates": [
                    -124.383499145508,
                    40.6713333129883,
                    25.4500007629395
                ]
            },
            "id": "nc75322222"
        },
        {
            "type": "Feature",
            "properties": {
                "mag": 2.6,
                "place": "92 km SW of Nikolski, Alaska",
                "time": 1772586833366,
                "updated": 1772595584040,
                "tz": null,
                "url": "https://earthquake.usgs.gov/earthquakes/eventpage/us7000s1vn",
                "detail": "https://earthquake.usgs.gov/earthquakes/feed/v1.0/detail/us7000s1vn.geojson",
                "felt": null,
                "cdi": null,
                "mmi": null,
                "alert": null,
                "status": "reviewed",
                "tsunami": 0,
                "sig": 104,
                "net": "us",
                "code": "7000s1vn",
                "ids": ",aka2026ejxmjw,us7000s1vn,",
                "sources": ",ak,us,",
                "types": ",origin,phase-data,",
                "nst": 17,
                "dmin": 0.4,
                "rms": 0.86,
                "gap": 303,
                "magType": "ml",
                "type": "earthquake",
                "title": "M 2.6 - 92 km SW of Nikolski, Alaska"
            },
            "geometry": {
                "type": "Point",
                "coordinates": [
                    -169.8928,
                    52.3949,
                    10
                ]
            },
            "id": "us7000s1vn"
        },
        {
            "type": "Feature",
            "properties": {
                "mag": 1.05,
                "place": "4 km W of Cobb, CA",
                "time": 1772585583250,
                "updated": 1772587042322,
                "tz": null,
                "url": "https://earthquake.usgs.gov/earthquakes/eventpage/nc75322212",
                "detail": "https://earthquake.usgs.gov/earthquakes/feed/v1.0/detail/nc75322212.geojson",
                "felt": null,
                "cdi": null,
                "mmi": null,
                "alert": null,
                "status": "automatic",
                "tsunami": 0,
                "sig": 17,
                "net": "nc",
                "code": "75322212",
                "ids": ",nc75322212,",
                "sources": ",nc,",
                "types": ",nearby-cities,origin,phase-data,scitech-link,",
                "nst": 8,
                "dmin": 0.01495,
                "rms": 0.01,
                "gap": 146,
                "magType": "md",
                "type": "earthquake",
                "title": "M 1.1 - 4 km W of Cobb, CA"
            },
            "geometry": {
                "type": "Point",
                "coordinates": [
                    -122.764999389648,
                    38.821834564209,
                    2.55999994277954
                ]
            },
            "id": "nc75322212"
        },
        {
            "type": "Feature",
            "properties": {
                "mag": 2.2,
                "place": "81 km NE of Koliganek, Alaska",
                "time": 1772585561770,
                "updated": 1772588679787,
                "tz": null,
                "url": "https://earthquake.usgs.gov/earthquakes/eventpage/aka2026ejwtzj",
                "detail": "https://earthquake.usgs.gov/earthquakes/feed/v1.0/detail/aka2026ejwtzj.geojson",
                "felt": null,
                "cdi": null,
                "mmi": null,
                "alert": null,
                "status": "reviewed",
                "tsunami": 0,
                "sig": 74,
                "net": "ak",
                "code": "a2026ejwtzj",
                "ids": ",aka2026ejwtzj,",
                "sources": ",ak,",
                "types": ",origin,phase-data,",
                "nst": 23,
                "dmin": 0.4,
                "rms": 1.2,
                "gap": 75,
                "magType": "ml",
                "type": "earthquake",
                "title": "M 2.2 - 81 km NE of Koliganek, Alaska"
            },
            "geometry": {
                "type": "Point",
                "coordinates": [
                    -156.344,
                    60.292,
                    10
                ]
            },
            "id": "aka2026ejwtzj"
        },
        {
            "type": "Feature",
            "properties": {
                "mag": 1.9,
                "place": "57 km WNW of Sitka, Alaska",
                "time": 1772585496762,
                "updated": 1772588476944,
                "tz": null,
                "url": "https://earthquake.usgs.gov/earthquakes/eventpage/aka2026ejwsyl",
                "detail": "https://earthquake.usgs.gov/earthquakes/feed/v1.0/detail/aka2026ejwsyl.geojson",
                "felt": null,
                "cdi": null,
                "mmi": null,
                "alert": null,
                "status": "reviewed",
                "tsunami": 0,
                "sig": 56,
                "net": "ak",
                "code": "a2026ejwsyl",
                "ids": ",aka2026ejwsyl,",
                "sources": ",ak,",
                "types": ",origin,phase-data,",
                "nst": 8,
                "dmin": 0.3,
                "rms": 0.1,
                "gap": 231,
                "magType": "ml",
                "type": "earthquake",
                "title": "M 1.9 - 57 km WNW of Sitka, Alaska"
            },
            "geometry": {
                "type": "Point",
                "coordinates": [
                    -136.225,
                    57.223,
                    4.2
                ]
            },
            "id": "aka2026ejwsyl"
        },
        {
            "type": "Feature",
            "properties": {
                "mag": 2.01,
                "place": "4 km WSW of Gu\u00e1nica, Puerto Rico",
                "time": 1772584667120,
                "updated": 1772585488580,
                "tz": null,
                "url": "https://earthquake.usgs.gov/earthquakes/eventpage/pr71508958",
                "detail": "https://earthquake.usgs.gov/earthquakes/feed/v1.0/detail/pr71508958.geojson",
                "felt": null,
                "cdi": null,
                "mmi": null,
                "alert": null,
                "status": "reviewed",
                "tsunami": 0,
                "sig": 62,
                "net": "pr",
                "code": "71508958",
                "ids": ",pr71508958,",
                "sources": ",pr,",
                "types": ",origin,phase-data,",
                "nst": 5,
                "dmin": 0.06272,
                "rms": 0.08,
                "gap": 208,
                "magType": "md",
                "type": "earthquake",
                "title": "M 2.0 - 4 km WSW of Gu\u00e1nica, Puerto Rico"
            },
            "geometry": {
                "type": "Point",
                "coordinates": [
                    -66.9416666666667,
                    17.9548333333333,
                    10.67
                ]
            },
            "id": "pr71508958"
        },
        {
            "type": "Feature",
            "properties": {
                "mag": 2.6,
                "place": "104 km S of Sand Point, Alaska",
                "time": 1772584339717,
                "updated": 1772588370936,
                "tz": null,
                "url": "https://earthquake.usgs.gov/earthquakes/eventpage/aka2026ejwckm",
                "detail": "https://earthquake.usgs.gov/earthquakes/feed/v1.0/detail/aka2026ejwckm.geojson",
                "felt": null,
                "cdi": null,
                "mmi": null,
                "alert": null,
                "status": "reviewed",
                "tsunami": 0,
                "sig": 104,
                "net": "ak",
                "code": "a2026ejwckm",
                "ids": ",aka2026ejwckm,",
                "sources": ",ak,",
                "types": ",origin,phase-data,",
                "nst": 16,
                "dmin": 1.1,
                "rms": 0.3,
                "gap": 271,
                "magType": "ml",
                "type": "earthquake",
                "title": "M 2.6 - 104 km S of Sand Point, Alaska"
            },
            "geometry": {
                "type": "Point",
                "coordinates": [
                    -160.464,
                    54.398,
                    21.8
                ]
            },
            "id": "aka2026ejwckm"
        },
        {
            "type": "Feature",
            "properties": {
                "mag": 1.8,
                "place": "106 km N of Yakutat, Alaska",
                "time": 1772584201605,
                "updated": 1772588304930,
                "tz": null,
                "url": "https://earthquake.usgs.gov/earthquakes/eventpage/aka2026ejwaoz",
                "detail": "https://earthquake.usgs.gov/earthquakes/feed/v1.0/detail/aka2026ejwaoz.geojson",
                "felt": null,
                "cdi": null,
                "mmi": null,
                "alert": null,
                "status": "reviewed",
                "tsunami": 0,
                "sig": 50,
                "net": "ak",
                "code": "a2026ejwaoz",
                "ids": ",aka2026ejwaoz,",
                "sources": ",ak,",
                "types": ",origin,phase-data,",
                "nst": 11,
                "dmin": 0.4,
                "rms": 0.9,
                "gap": 123,
                "magType": "ml",
                "type": "earthquake",
                "title": "M 1.8 - 106 km N of Yakutat, Alaska"
            },
            "geometry": {
                "type": "Point",
                "coordinates": [
                    -140.023,
                    60.491,
                    13.7
                ]
            },
            "id": "aka2026ejwaoz"
        },
        {
            "type": "Feature",
            "properties": {
                "mag": 1.27,
                "place": "3 km ESE of The Geysers, CA",
                "time": 1772584181940,
                "updated": 1772593945114,
                "tz": null,
                "url": "https://earthquake.usgs.gov/earthquakes/eventpage/nc75322197",
                "detail": "https://earthquake.usgs.gov/earthquakes/feed/v1.0/detail/nc75322197.geojson",
                "felt": null,
                "cdi": null,
                "mmi": null,
                "alert": null,
                "status": "automatic",
                "tsunami": 0,
                "sig": 25,
                "net": "nc",
                "code": "75322197",
                "ids": ",nc75322197,",
                "sources": ",nc,",
                "types": ",nearby-cities,origin,phase-data,scitech-link,",
                "nst": 10,
                "dmin": 0.008085,
                "rms": 0.02,
                "gap": 109,
                "magType": "md",
                "type": "earthquake",
                "title": "M 1.3 - 3 km ESE of The Geysers, CA"
            },
            "geometry": {
                "type": "Point",
                "coordinates": [
                    -122.72566986084,
                    38.7696647644043,
                    0.319999992847443
                ]
            },
            "id": "nc75322197"
        },
        {
            "type": "Feature",
            "properties": {
                "mag": 1.94,
                "place": "14 km S of Big Bear Lake, CA",
                "time": 1772584169300,
                "updated": 1772585016860,
                "tz": null,
                "url": "https://earthquake.usgs.gov/earthquakes/eventpage/ci41408696",
                "detail": "https://earthquake.usgs.gov/earthquakes/feed/v1.0/detail/ci41408696.geojson",
                "felt": null,
                "cdi": null,
                "mmi": null,
                "alert": null,
                "status": "automatic",
                "tsunami": 0,
                "sig": 58,
                "net": "ci",
                "code": "41408696",
                "ids": ",ci41408696,",
                "sources": ",ci,",
                "types": ",focal-mechanism,nearby-cities,origin,phase-data,scitech-link,",
                "nst": 89,
                "dmin": 0.03092,
                "rms": 0.16,
                "gap": 20,
                "magType": "ml",
                "type": "earthquake",
                "title": "M 1.9 - 14 km S of Big Bear Lake, CA"
            },
            "geometry": {
                "type": "Point",
                "coordinates": [
                    -116.938,
                    34.1245,
                    3.66
                ]
            },
            "id": "ci41408696"
        },
        {
            "type": "Feature",
            "properties": {
                "mag": 1.7,
                "place": "13 km SW of Hope, Alaska",
                "time": 1772584107350,
                "updated": 1772588151918,
                "tz": null,
                "url": "https://earthquake.usgs.gov/earthquakes/eventpage/aka2026ejvzch",
                "detail": "https://earthquake.usgs.gov/earthquakes/feed/v1.0/detail/aka2026ejvzch.geojson",
                "felt": null,
                "cdi": null,
                "mmi": null,
                "alert": null,
                "status": "reviewed",
                "tsunami": 0,
                "sig": 44,
                "net": "ak",
                "code": "a2026ejvzch",
                "ids": ",aka2026ejvzch,",
                "sources": ",ak,",
                "types": ",origin,phase-data,",
                "nst": 17,
                "dmin": 0.3,
                "rms": 0.3,
                "gap": 81,
                "magType": "ml",
                "type": "earthquake",
                "title": "M 1.7 - 13 km SW of Hope, Alaska"
            },
            "geometry": {
                "type": "Point",
                "coordinates": [
                    -149.789,
                    60.821,
                    41
                ]
            },
            "id": "aka2026ejvzch"
        },
        {
            "type": "Feature",
            "properties": {
                "mag": 1.65,
                "place": "5 km NW of Boron, CA",
                "time": 1772583602140,
                "updated": 1772583817389,
                "tz": null,
                "url": "https://earthquake.usgs.gov/earthquakes/eventpage/ci41408680",
                "detail": "https://earthquake.usgs.gov/earthquakes/feed/v1.0/detail/ci41408680.geojson",
                "felt": null,
                "cdi": null,
                "mmi": null,
                "alert": null,
                "status": "automatic",
                "tsunami": 0,
                "sig": 42,
                "net": "ci",
                "code": "41408680",
                "ids": ",ci41408680,",
                "sources": ",ci,",
                "types": ",nearby-cities,origin,phase-data,scitech-link,",
                "nst": 41,
                "dmin": 0.09999,
                "rms": 0.3,
                "gap": 69,
                "magType": "ml",
                "type": "earthquake",
                "title": "M 1.7 - 5 km NW of Boron, CA"
            },
            "geometry": {
                "type": "Point",
                "coordinates": [
                    -117.678166666667,
                    35.0335,
                    -0.76
                ]
            },
            "id": "ci41408680"
        },
        {
            "type": "Feature",
            "properties": {
                "mag": 2.27,
                "place": "5 km ENE of Anza, CA",
                "time": 1772583254620,
                "updated": 1772584412600,
                "tz": null,
                "url": "https://earthquake.usgs.gov/earthquakes/eventpage/ci41408672",
                "detail": "https://earthquake.usgs.gov/earthquakes/feed/v1.0/detail/ci41408672.geojson",
                "felt": null,
                "cdi": null,
                "mmi": null,
                "alert": null,
                "status": "automatic",
                "tsunami": 0,
                "sig": 79,
                "net": "ci",
                "code": "41408672",
                "ids": ",ci41408672,",
                "sources": ",ci,",
                "types": ",focal-mechanism,nearby-cities,origin,phase-data,scitech-link,",
                "nst": 101,
                "dmin": 0.009568,
                "rms": 0.2,
                "gap": 15,
                "magType": "ml",
                "type": "earthquake",
                "title": "M 2.3 - 5 km ENE of Anza, CA"
            },
            "geometry": {
                "type": "Point",
                "coordinates": [
                    -116.623666666667,
                    33.5743333333333,
                    14
                ]
            },
            "id": "ci41408672"
        },
        {
            "type": "Feature",
            "properties": {
                "mag": 1.37,
                "place": "6 km ENE of Anza, CA",
                "time": 1772583222870,
                "updated": 1772635583000,
                "tz": null,
                "url": "https://earthquake.usgs.gov/earthquakes/eventpage/ci41408656",
                "detail": "https://earthquake.usgs.gov/earthquakes/feed/v1.0/detail/ci41408656.geojson",
                "felt": null,
                "cdi": null,
                "mmi": null,
                "alert": null,
                "status": "reviewed",
                "tsunami": 0,
                "sig": 29,
                "net": "ci",
                "code": "41408656",
                "ids": ",ci41408656,",
                "sources": ",ci,",
                "types": ",focal-mechanism,nearby-cities,origin,phase-data,scitech-link,",
                "nst": 56,
                "dmin": 0.01454,
                "rms": 0.18,
                "gap": 26,
                "magType": "ml",
                "type": "earthquake",
                "title": "M 1.4 - 6 km ENE of Anza, CA"
            },
            "geometry": {
                "type": "Point",
                "coordinates": [
                    -116.620666666667,
                    33.5786666666667,
                    13.81
                ]
            },
            "id": "ci41408656"
        },
        {
            "type": "Feature",
            "properties": {
                "mag": 1.3,
                "place": "10 km E of Fox, Alaska",
                "time": 1772583066764,
                "updated": 1772588025908,
                "tz": null,
                "url": "https://earthquake.usgs.gov/earthquakes/eventpage/aka2026ejvkdr",
                "detail": "https://earthquake.usgs.gov/earthquakes/feed/v1.0/detail/aka2026ejvkdr.geojson",
                "felt": null,
                "cdi": null,
                "mmi": null,
                "alert": null,
                "status": "reviewed",
                "tsunami": 0,
                "sig": 26,
                "net": "ak",
                "code": "a2026ejvkdr",
                "ids": ",aka2026ejvkdr,",
                "sources": ",ak,",
                "types": ",origin,phase-data,",
                "nst": 14,
                "dmin": 0,
                "rms": 0.3,
                "gap": 61,
                "magType": "ml",
                "type": "quarry blast",
                "title": "M 1.3 Quarry Blast - 10 km E of Fox, Alaska"
            },
            "geometry": {
                "type": "Point",
                "coordinates": [
                    -147.398,
                    64.975,
                    0
                ]
            },
            "id": "aka2026ejvkdr"
        },
        {
            "type": "Feature",
            "properties": {
                "mag": 2.5,
                "place": "54 km SE of King Cove, Alaska",
                "time": 1772582966692,
                "updated": 1772587913611,
                "tz": null,
                "url": "https://earthquake.usgs.gov/earthquakes/eventpage/aka2026ejvish",
                "detail": "https://earthquake.usgs.gov/earthquakes/feed/v1.0/detail/aka2026ejvish.geojson",
                "felt": null,
                "cdi": null,
                "mmi": null,
                "alert": null,
                "status": "reviewed",
                "tsunami": 0,
                "sig": 96,
                "net": "ak",
                "code": "a2026ejvish",
                "ids": ",aka2026ejvish,",
                "sources": ",ak,",
                "types": ",origin,phase-data,",
                "nst": 24,
                "dmin": 0.4,
                "rms": 0.5,
                "gap": 209,
                "magType": "ml",
                "type": "earthquake",
                "title": "M 2.5 - 54 km SE of King Cove, Alaska"
            },
            "geometry": {
                "type": "Point",
                "coordinates": [
                    -161.733,
                    54.712,
                    47.6
                ]
            },
            "id": "aka2026ejvish"
        },
        {
            "type": "Feature",
            "properties": {
                "mag": 2.8,
                "place": "96 km S of McCarthy, Alaska",
                "time": 1772582795875,
                "updated": 1772587813599,
                "tz": null,
                "url": "https://earthquake.usgs.gov/earthquakes/eventpage/aka2026ejvggi",
                "detail": "https://earthquake.usgs.gov/earthquakes/feed/v1.0/detail/aka2026ejvggi.geojson",
                "felt": null,
                "cdi": null,
                "mmi": null,
                "alert": null,
                "status": "reviewed",
                "tsunami": 0,
                "sig": 121,
                "net": "ak",
                "code": "a2026ejvggi",
                "ids": ",aka2026ejvggi,",
                "sources": ",ak,",
                "types": ",origin,phase-data,",
                "nst": 65,
                "dmin": 0.2,
                "rms": 1,
                "gap": 45,
                "magType": "ml",
                "type": "earthquake",
                "title": "M 2.8 - 96 km S of McCarthy, Alaska"
            },
            "geometry": {
                "type": "Point",
                "coordinates": [
                    -142.697,
                    60.573,
                    14.3
                ]
            },
            "id": "aka2026ejvggi"
        },
        {
            "type": "Feature",
            "properties": {
                "mag": 1.46,
                "place": "5 km WNW of Borrego Springs, CA",
                "time": 1772582171240,
                "updated": 1772583136030,
                "tz": null,
                "url": "https://earthquake.usgs.gov/earthquakes/eventpage/ci41408632",
                "detail": "https://earthquake.usgs.gov/earthquakes/feed/v1.0/detail/ci41408632.geojson",
                "felt": null,
                "cdi": null,
                "mmi": null,
                "alert": null,
                "status": "automatic",
                "tsunami": 0,
                "sig": 33,
                "net": "ci",
                "code": "41408632",
                "ids": ",ci41408632,",
                "sources": ",ci,",
                "types": ",focal-mechanism,nearby-cities,origin,phase-data,scitech-link,",
                "nst": 62,
                "dmin": 0.07639,
                "rms": 0.2,
                "gap": 16,
                "magType": "ml",
                "type": "earthquake",
                "title": "M 1.5 - 5 km WNW of Borrego Springs, CA"
            },
            "geometry": {
                "type": "Point",
                "coordinates": [
                    -116.430333333333,
                    33.2715,
                    4.32
                ]
            },
            "id": "ci41408632"
        },
        {
            "type": "Feature",
            "properties": {
                "mag": 2.01,
                "place": "51 km ESE of Beatty, Nevada",
                "time": 1772582093962,
                "updated": 1772582240274,
                "tz": null,
                "url": "https://earthquake.usgs.gov/earthquakes/eventpage/nn00911834",
                "detail": "https://earthquake.usgs.gov/earthquakes/feed/v1.0/detail/nn00911834.geojson",
                "felt": null,
                "cdi": null,
                "mmi": null,
                "alert": null,
                "status": "automatic",
                "tsunami": 0,
                "sig": 62,
                "net": "nn",
                "code": "00911834",
                "ids": ",nn00911834,",
                "sources": ",nn,",
                "types": ",origin,phase-data,",
                "nst": 32,
                "dmin": 0.059,
                "rms": 0.2783,
                "gap": 54,
                "magType": "ml",
                "type": "earthquake",
                "title": "M 2.0 - 51 km ESE of Beatty, Nevada"
            },
            "geometry": {
                "type": "Point",
                "coordinates": [
                    -116.2687,
                    36.6621,
                    3.5037
                ]
            },
            "id": "nn00911834"
        },
        {
            "type": "Feature",
            "properties": {
                "mag": 1.91,
                "place": "3 km WSW of Fuig, Puerto Rico",
                "time": 1772581684550,
                "updated": 1772585734650,
                "tz": null,
                "url": "https://earthquake.usgs.gov/earthquakes/eventpage/pr71508953",
                "detail": "https://earthquake.usgs.gov/earthquakes/feed/v1.0/detail/pr71508953.geojson",
                "felt": null,
                "cdi": null,
                "mmi": null,
                "alert": null,
                "status": "reviewed",
                "tsunami": 0,
                "sig": 56,
                "net": "pr",
                "code": "71508953",
                "ids": ",pr71508953,",
                "sources": ",pr,",
                "types": ",origin,phase-data,",
                "nst": 6,
                "dmin": 0.06141,
                "rms": 0.08,
                "gap": 183,
                "magType": "md",
                "type": "earthquake",
                "title": "M 1.9 - 3 km WSW of Fuig, Puerto Rico"
            },
            "geometry": {
                "type": "Point",
                "coordinates": [
                    -66.9436666666667,
                    17.9715,
                    8.18
                ]
            },
            "id": "pr71508953"
        },
        {
            "type": "Feature",
            "properties": {
                "mag": 2.1,
                "place": "32 km SW of Anchor Point, Alaska",
                "time": 1772581315415,
                "updated": 1772598056305,
                "tz": null,
                "url": "https://earthquake.usgs.gov/earthquakes/eventpage/aka2026ejukzq",
                "detail": "https://earthquake.usgs.gov/earthquakes/feed/v1.0/detail/aka2026ejukzq.geojson",
                "felt": null,
                "cdi": null,
                "mmi": null,
                "alert": null,
                "status": "reviewed",
                "tsunami": 0,
                "sig": 68,
                "net": "ak",
                "code": "a2026ejukzq",
                "ids": ",aka2026ejukzq,",
                "sources": ",ak,",
                "types": ",origin,phase-data,",
                "nst": 38,
                "dmin": 0.4,
                "rms": 0.5,
                "gap": 104,
                "magType": "ml",
                "type": "earthquake",
                "title": "M 2.1 - 32 km SW of Anchor Point, Alaska"
            },
            "geometry": {
                "type": "Point",
                "coordinates": [
                    -152.286,
                    59.597,
                    82.1
                ]
            },
            "id": "aka2026ejukzq"
        },
        {
            "type": "Feature",
            "properties": {
                "mag": 1.9,
                "place": "98 km N of Yakutat, Alaska",
                "time": 1772581018881,
                "updated": 1772598126310,
                "tz": null,
                "url": "https://earthquake.usgs.gov/earthquakes/eventpage/aka2026ejugta",
                "detail": "https://earthquake.usgs.gov/earthquakes/feed/v1.0/detail/aka2026ejugta.geojson",
                "felt": null,
                "cdi": null,
                "mmi": null,
                "alert": null,
                "status": "reviewed",
                "tsunami": 0,
                "sig": 56,
                "net": "ak",
                "code": "a2026ejugta",
                "ids": ",aka2026ejugta,",
                "sources": ",ak,",
                "types": ",origin,phase-data,",
                "nst": 9,
                "dmin": 0.5,
                "rms": 0.7,
                "gap": 158,
                "magType": "ml",
                "type": "earthquake",
                "title": "M 1.9 - 98 km N of Yakutat, Alaska"
            },
            "geometry": {
                "type": "Point",
                "coordinates": [
                    -139.564,
                    60.43,
                    6.6
                ]
            },
            "id": "aka2026ejugta"
        },
        {
            "type": "Feature",
            "properties": {
                "mag": 1.27,
                "place": "10 km SSE of Toledo, Washington",
                "time": 1772580598670,
                "updated": 1772584350670,
                "tz": null,
                "url": "https://earthquake.usgs.gov/earthquakes/eventpage/uw62229876",
                "detail": "https://earthquake.usgs.gov/earthquakes/feed/v1.0/detail/uw62229876.geojson",
                "felt": null,
                "cdi": null,
                "mmi": null,
                "alert": null,
                "status": "reviewed",
                "tsunami": 0,
                "sig": 25,
                "net": "uw",
                "code": "62229876",
                "ids": ",uw62229876,",
                "sources": ",uw,",
                "types": ",origin,phase-data,",
                "nst": 14,
                "dmin": 0.1698,
                "rms": 0.14,
                "gap": 58,
                "magType": "ml",
                "type": "explosion",
                "title": "M 1.3 Explosion - 10 km SSE of Toledo, Washington"
            },
            "geometry": {
                "type": "Point",
                "coordinates": [
                    -122.81633333333333,
                    46.34866666666667,
                    -0.47
                ]
            },
            "id": "uw62229876"
        },
        {
            "type": "Feature",
            "properties": {
                "mag": 1.27,
                "place": "5 km S of Idyllwild, CA",
                "time": 1772580522080,
                "updated": 1772635884840,
                "tz": null,
                "url": "https://earthquake.usgs.gov/earthquakes/eventpage/ci41408608",
                "detail": "https://earthquake.usgs.gov/earthquakes/feed/v1.0/detail/ci41408608.geojson",
                "felt": null,
                "cdi": null,
                "mmi": null,
                "alert": null,
                "status": "reviewed",
                "tsunami": 0,
                "sig": 25,
                "net": "ci",
                "code": "41408608",
                "ids": ",ci41408608,",
                "sources": ",ci,",
                "types": ",focal-mechanism,nearby-cities,origin,phase-data,scitech-link,",
                "nst": 50,
                "dmin": 0.01718,
                "rms": 0.16,
                "gap": 24,
                "magType": "ml",
                "type": "earthquake",
                "title": "M 1.3 - 5 km S of Idyllwild, CA"
            },
            "geometry": {
                "type": "Point",
                "coordinates": [
                    -116.722166666667,
                    33.6991666666667,
                    17.58
                ]
            },
            "id": "ci41408608"
        },
        {
            "type": "Feature",
            "properties": {
                "mag": 1.5,
                "place": "96 km S of McCarthy, Alaska",
                "time": 1772580450060,
                "updated": 1772598131312,
                "tz": null,
                "url": "https://earthquake.usgs.gov/earthquakes/eventpage/aka2026ejtyof",
                "detail": "https://earthquake.usgs.gov/earthquakes/feed/v1.0/detail/aka2026ejtyof.geojson",
                "felt": null,
                "cdi": null,
                "mmi": null,
                "alert": null,
                "status": "automatic",
                "tsunami": 0,
                "sig": 35,
                "net": "ak",
                "code": "a2026ejtyof",
                "ids": ",aka2026ejtyof,",
                "sources": ",ak,",
                "types": ",origin,",
                "nst": 16,
                "dmin": 0.2,
                "rms": 0.9,
                "gap": 89,
                "magType": "ml",
                "type": "earthquake",
                "title": "M 1.5 - 96 km S of McCarthy, Alaska"
            },
            "geometry": {
                "type": "Point",
                "coordinates": [
                    -142.714,
                    60.577,
                    12.8
                ]
            },
            "id": "aka2026ejtyof"
        },
        {
            "type": "Feature",
            "properties": {
                "mag": 1.14,
                "place": "8 km NNE of Rancho Cucamonga, CA",
                "time": 1772580068090,
                "updated": 1772580277990,
                "tz": null,
                "url": "https://earthquake.usgs.gov/earthquakes/eventpage/ci41408592",
                "detail": "https://earthquake.usgs.gov/earthquakes/feed/v1.0/detail/ci41408592.geojson",
                "felt": null,
                "cdi": null,
                "mmi": null,
                "alert": null,
                "status": "automatic",
                "tsunami": 0,
                "sig": 20,
                "net": "ci",
                "code": "41408592",
                "ids": ",ci41408592,",
                "sources": ",ci,",
                "types": ",nearby-cities,origin,phase-data,scitech-link,",
                "nst": 50,
                "dmin": 0.05085,
                "rms": 0.18,
                "gap": 44,
                "magType": "ml",
                "type": "earthquake",
                "title": "M 1.1 - 8 km NNE of Rancho Cucamonga, CA"
            },
            "geometry": {
                "type": "Point",
                "coordinates": [
                    -117.557833333333,
                    34.1915,
                    9.98
                ]
            },
            "id": "ci41408592"
        },
        {
            "type": "Feature",
            "properties": {
                "mag": 1.74,
                "place": "19 km W of Petrolia, CA",
                "time": 1772578977430,
                "updated": 1772589143572,
                "tz": null,
                "url": "https://earthquake.usgs.gov/earthquakes/eventpage/nc75322157",
                "detail": "https://earthquake.usgs.gov/earthquakes/feed/v1.0/detail/nc75322157.geojson",
                "felt": null,
                "cdi": null,
                "mmi": null,
                "alert": null,
                "status": "automatic",
                "tsunami": 0,
                "sig": 47,
                "net": "nc",
                "code": "75322157",
                "ids": ",nc75322157,",
                "sources": ",nc,",
                "types": ",nearby-cities,origin,phase-data,scitech-link,",
                "nst": 7,
                "dmin": 0.1367,
                "rms": 0.02,
                "gap": 313,
                "magType": "md",
                "type": "earthquake",
                "title": "M 1.7 - 19 km W of Petrolia, CA"
            },
            "geometry": {
                "type": "Point",
                "coordinates": [
                    -124.514831542969,
                    40.3251647949219,
                    22.3899993896484
                ]
            },
            "id": "nc75322157"
        },
        {
            "type": "Feature",
            "properties": {
                "mag": 2.7,
                "place": "61 km NE of Ugashik, Alaska",
                "time": 1772578397776,
                "updated": 1772598334332,
                "tz": null,
                "url": "https://earthquake.usgs.gov/earthquakes/eventpage/aka2026ejsvcd",
                "detail": "https://earthquake.usgs.gov/earthquakes/feed/v1.0/detail/aka2026ejsvcd.geojson",
                "felt": null,
                "cdi": null,
                "mmi": null,
                "alert": null,
                "status": "reviewed",
                "tsunami": 0,
                "sig": 112,
                "net": "ak",
                "code": "a2026ejsvcd",
                "ids": ",aka2026ejsvcd,",
                "sources": ",ak,",
                "types": ",origin,phase-data,",
                "nst": 59,
                "dmin": 0,
                "rms": 0.6,
                "gap": 88,
                "magType": "ml",
                "type": "earthquake",
                "title": "M 2.7 - 61 km NE of Ugashik, Alaska"
            },
            "geometry": {
                "type": "Point",
                "coordinates": [
                    -156.551,
                    57.825,
                    138.2
                ]
            },
            "id": "aka2026ejsvcd"
        },
        {
            "type": "Feature",
            "properties": {
                "mag": 1.11,
                "place": "9 km NW of The Geysers, CA",
                "time": 1772578177990,
                "updated": 1772587640403,
                "tz": null,
                "url": "https://earthquake.usgs.gov/earthquakes/eventpage/nc75322147",
                "detail": "https://earthquake.usgs.gov/earthquakes/feed/v1.0/detail/nc75322147.geojson",
                "felt": null,
                "cdi": null,
                "mmi": null,
                "alert": null,
                "status": "automatic",
                "tsunami": 0,
                "sig": 19,
                "net": "nc",
                "code": "75322147",
                "ids": ",nc75322147,",
                "sources": ",nc,",
                "types": ",nearby-cities,origin,phase-data,scitech-link,",
                "nst": 15,
                "dmin": 0.01448,
                "rms": 0.04,
                "gap": 80,
                "magType": "md",
                "type": "earthquake",
                "title": "M 1.1 - 9 km NW of The Geysers, CA"
            },
            "geometry": {
                "type": "Point",
                "coordinates": [
                    -122.832664489746,
                    38.8375015258789,
                    0.28999999165535
                ]
            },
            "id": "nc75322147"
        },
        {
            "type": "Feature",
            "properties": {
                "mag": 2.02,
                "place": "59 km S of Kingston, Nevada",
                "time": 1772577961485,
                "updated": 1772578111096,
                "tz": null,
                "url": "https://earthquake.usgs.gov/earthquakes/eventpage/nn00911822",
                "detail": "https://earthquake.usgs.gov/earthquakes/feed/v1.0/detail/nn00911822.geojson",
                "felt": null,
                "cdi": null,
                "mmi": null,
                "alert": null,
                "status": "automatic",
                "tsunami": 0,
                "sig": 63,
                "net": "nn",
                "code": "00911822",
                "ids": ",nn00911822,",
                "sources": ",nn,",
                "types": ",origin,phase-data,",
                "nst": 8,
                "dmin": 0.826,
                "rms": 0.3118,
                "gap": 190,
                "magType": "ml",
                "type": "earthquake",
                "title": "M 2.0 - 59 km S of Kingston, Nevada"
            },
            "geometry": {
                "type": "Point",
                "coordinates": [
                    -117.156,
                    38.6742,
                    15.9868
                ]
            },
            "id": "nn00911822"
        },
        {
            "type": "Feature",
            "properties": {
                "mag": 1.08,
                "place": "6 km NW of The Geysers, CA",
                "time": 1772577794240,
                "updated": 1772580443591,
                "tz": null,
                "url": "https://earthquake.usgs.gov/earthquakes/eventpage/nc75322137",
                "detail": "https://earthquake.usgs.gov/earthquakes/feed/v1.0/detail/nc75322137.geojson",
                "felt": null,
                "cdi": null,
                "mmi": null,
                "alert": null,
                "status": "automatic",
                "tsunami": 0,
                "sig": 18,
                "net": "nc",
                "code": "75322137",
                "ids": ",nc75322137,",
                "sources": ",nc,",
                "types": ",nearby-cities,origin,phase-data,scitech-link,",
                "nst": 14,
                "dmin": 0.01499,
                "rms": 0.02,
                "gap": 62,
                "magType": "md",
                "type": "earthquake",
                "title": "M 1.1 - 6 km NW of The Geysers, CA"
            },
            "geometry": {
                "type": "Point",
                "coordinates": [
                    -122.807334899902,
                    38.8196678161621,
                    2.82999992370605
                ]
            },
            "id": "nc75322137"
        },
        {
            "type": "Feature",
            "properties": {
                "mag": 1.13,
                "place": "12 km SSW of San Lucas, CA",
                "time": 1772576126690,
                "updated": 1772584941123,
                "tz": null,
                "url": "https://earthquake.usgs.gov/earthquakes/eventpage/nc75322127",
                "detail": "https://earthquake.usgs.gov/earthquakes/feed/v1.0/detail/nc75322127.geojson",
                "felt": null,
                "cdi": null,
                "mmi": null,
                "alert": null,
                "status": "automatic",
                "tsunami": 0,
                "sig": 20,
                "net": "nc",
                "code": "75322127",
                "ids": ",nc75322127,",
                "sources": ",nc,",
                "types": ",nearby-cities,origin,phase-data,scitech-link,",
                "nst": 10,
                "dmin": 0.1083,
                "rms": 0.02,
                "gap": 80,
                "magType": "md",
                "type": "earthquake",
                "title": "M 1.1 - 12 km SSW of San Lucas, CA"
            },
            "geometry": {
                "type": "Point",
                "coordinates": [
                    -121.055999755859,
                    36.025333404541,
                    12.2700004577637
                ]
            },
            "id": "nc75322127"
        },
        {
            "type": "Feature",
            "properties": {
                "mag": 1.35,
                "place": "6 km N of San Dimas, CA",
                "time": 1772576107860,
                "updated": 1772576314987,
                "tz": null,
                "url": "https://earthquake.usgs.gov/earthquakes/eventpage/ci41408536",
                "detail": "https://earthquake.usgs.gov/earthquakes/feed/v1.0/detail/ci41408536.geojson",
                "felt": null,
                "cdi": null,
                "mmi": null,
                "alert": null,
                "status": "automatic",
                "tsunami": 0,
                "sig": 28,
                "net": "ci",
                "code": "41408536",
                "ids": ",ci41408536,",
                "sources": ",ci,",
                "types": ",nearby-cities,origin,phase-data,scitech-link,",
                "nst": 32,
                "dmin": 0.05418,
                "rms": 0.19,
                "gap": 74,
                "magType": "ml",
                "type": "earthquake",
                "title": "M 1.4 - 6 km N of San Dimas, CA"
            },
            "geometry": {
                "type": "Point",
                "coordinates": [
                    -117.806,
                    34.1563333333333,
                    13.71
                ]
            },
            "id": "ci41408536"
        },
        {
            "type": "Feature",
            "properties": {
                "mag": 1.5,
                "place": "31 km NW of Toyah, Texas",
                "time": 1772575846186,
                "updated": 1772617153876,
                "tz": null,
                "url": "https://earthquake.usgs.gov/earthquakes/eventpage/tx2026ejrkfc",
                "detail": "https://earthquake.usgs.gov/earthquakes/feed/v1.0/detail/tx2026ejrkfc.geojson",
                "felt": null,
                "cdi": null,
                "mmi": null,
                "alert": null,
                "status": "reviewed",
                "tsunami": 0,
                "sig": 35,
                "net": "tx",
                "code": "2026ejrkfc",
                "ids": ",tx2026ejrkfc,",
                "sources": ",tx,",
                "types": ",origin,phase-data,",
                "nst": 34,
                "dmin": 0,
                "rms": 0.2,
                "gap": 56,
                "magType": "ml",
                "type": "earthquake",
                "title": "M 1.5 - 31 km NW of Toyah, Texas"
            },
            "geometry": {
                "type": "Point",
                "coordinates": [
                    -104.004,
                    31.532,
                    6.0999
                ]
            },
            "id": "tx2026ejrkfc"
        },
        {
            "type": "Feature",
            "properties": {
                "mag": 2.28,
                "place": "23 km ENE of Honaunau-Napoopoo, Hawaii",
                "time": 1772575782110,
                "updated": 1772578990950,
                "tz": null,
                "url": "https://earthquake.usgs.gov/earthquakes/eventpage/hv74912511",
                "detail": "https://earthquake.usgs.gov/earthquakes/feed/v1.0/detail/hv74912511.geojson",
                "felt": null,
                "cdi": null,
                "mmi": null,
                "alert": null,
                "status": "reviewed",
                "tsunami": 0,
                "sig": 80,
                "net": "hv",
                "code": "74912511",
                "ids": ",hv74912511,",
                "sources": ",hv,",
                "types": ",origin,phase-data,",
                "nst": 26,
                "dmin": 0.02967,
                "rms": 0.2,
                "gap": 65,
                "magType": "ml",
                "type": "earthquake",
                "title": "M 2.3 - 23 km ENE of Honaunau-Napoopoo, Hawaii"
            },
            "geometry": {
                "type": "Point",
                "coordinates": [
                    -155.653833333333,
                    19.5128333333333,
                    45.55
                ]
            },
            "id": "hv74912511"
        },
        {
            "type": "Feature",
            "properties": {
                "mag": 1.72,
                "place": "17 km SE of Livermore, CA",
                "time": 1772575751570,
                "updated": 1772600523919,
                "tz": null,
                "url": "https://earthquake.usgs.gov/earthquakes/eventpage/nc75322117",
                "detail": "https://earthquake.usgs.gov/earthquakes/feed/v1.0/detail/nc75322117.geojson",
                "felt": 1,
                "cdi": 1,
                "mmi": null,
                "alert": null,
                "status": "automatic",
                "tsunami": 0,
                "sig": 46,
                "net": "nc",
                "code": "75322117",
                "ids": ",nc75322117,",
                "sources": ",nc,",
                "types": ",dyfi,nearby-cities,origin,phase-data,scitech-link,",
                "nst": 30,
                "dmin": 0.08059,
                "rms": 0.1,
                "gap": 43,
                "magType": "md",
                "type": "earthquake",
                "title": "M 1.7 - 17 km SE of Livermore, CA"
            },
            "geometry": {
                "type": "Point",
                "coordinates": [
                    -121.662498474121,
                    37.5579986572266,
                    7.76000022888184
                ]
            },
            "id": "nc75322117"
        },
        {
            "type": "Feature",
            "properties": {
                "mag": 1.7,
                "place": "66 km SE of Denali National Park, Alaska",
                "time": 1772575711653,
                "updated": 1772598467340,
                "tz": null,
                "url": "https://earthquake.usgs.gov/earthquakes/eventpage/aka2026ejrini",
                "detail": "https://earthquake.usgs.gov/earthquakes/feed/v1.0/detail/aka2026ejrini.geojson",
                "felt": null,
                "cdi": null,
                "mmi": null,
                "alert": null,
                "status": "reviewed",
                "tsunami": 0,
                "sig": 44,
                "net": "ak",
                "code": "a2026ejrini",
                "ids": ",aka2026ejrini,",
                "sources": ",ak,",
                "types": ",origin,phase-data,",
                "nst": 16,
                "dmin": 0.7,
                "rms": 0.7,
                "gap": 97,
                "magType": "ml",
                "type": "earthquake",
                "title": "M 1.7 - 66 km SE of Denali National Park, Alaska"
            },
            "geometry": {
                "type": "Point",
                "coordinates": [
                    -150.612,
                    63.213,
                    123.6
                ]
            },
            "id": "aka2026ejrini"
        },
        {
            "type": "Feature",
            "properties": {
                "mag": 1.69,
                "place": "5 km ESE of Palomar Observatory, CA",
                "time": 1772574770950,
                "updated": 1772576011750,
                "tz": null,
                "url": "https://earthquake.usgs.gov/earthquakes/eventpage/ci41408464",
                "detail": "https://earthquake.usgs.gov/earthquakes/feed/v1.0/detail/ci41408464.geojson",
                "felt": null,
                "cdi": null,
                "mmi": null,
                "alert": null,
                "status": "automatic",
                "tsunami": 0,
                "sig": 44,
                "net": "ci",
                "code": "41408464",
                "ids": ",ci41408464,",
                "sources": ",ci,",
                "types": ",focal-mechanism,nearby-cities,origin,phase-data,scitech-link,",
                "nst": 58,
                "dmin": 0.03972,
                "rms": 0.21,
                "gap": 30,
                "magType": "ml",
                "type": "earthquake",
                "title": "M 1.7 - 5 km ESE of Palomar Observatory, CA"
            },
            "geometry": {
                "type": "Point",
                "coordinates": [
                    -116.819166666667,
                    33.3376666666667,
                    4.27
                ]
            },
            "id": "ci41408464"
        },
        {
            "type": "Feature",
            "properties": {
                "mag": 1.9,
                "place": "65 km SE of Pope-Vannoy Landing, Alaska",
                "time": 1772574708897,
                "updated": 1772598725363,
                "tz": null,
                "url": "https://earthquake.usgs.gov/earthquakes/eventpage/aka2026ejqucx",
                "detail": "https://earthquake.usgs.gov/earthquakes/feed/v1.0/detail/aka2026ejqucx.geojson",
                "felt": null,
                "cdi": null,
                "mmi": null,
                "alert": null,
                "status": "reviewed",
                "tsunami": 0,
                "sig": 56,
                "net": "ak",
                "code": "a2026ejqucx",
                "ids": ",aka2026ejqucx,",
                "sources": ",ak,",
                "types": ",origin,phase-data,",
                "nst": 26,
                "dmin": 0.2,
                "rms": 0.5,
                "gap": 67,
                "magType": "ml",
                "type": "earthquake",
                "title": "M 1.9 - 65 km SE of Pope-Vannoy Landing, Alaska"
            },
            "geometry": {
                "type": "Point",
                "coordinates": [
                    -153.585,
                    59.202,
                    89.4
                ]
            },
            "id": "aka2026ejqucx"
        },
        {
            "type": "Feature",
            "properties": {
                "mag": 2,
                "place": "42 km SE of Pedro Bay, Alaska",
                "time": 1772574501676,
                "updated": 1772598877376,
                "tz": null,
                "url": "https://earthquake.usgs.gov/earthquakes/eventpage/aka2026ejqrcy",
                "detail": "https://earthquake.usgs.gov/earthquakes/feed/v1.0/detail/aka2026ejqrcy.geojson",
                "felt": null,
                "cdi": null,
                "mmi": null,
                "alert": null,
                "status": "reviewed",
                "tsunami": 0,
                "sig": 62,
                "net": "ak",
                "code": "a2026ejqrcy",
                "ids": ",aka2026ejqrcy,",
                "sources": ",ak,",
                "types": ",origin,phase-data,",
                "nst": 31,
                "dmin": 0.1,
                "rms": 0.5,
                "gap": 72,
                "magType": "ml",
                "type": "earthquake",
                "title": "M 2.0 - 42 km SE of Pedro Bay, Alaska"
            },
            "geometry": {
                "type": "Point",
                "coordinates": [
                    -153.583,
                    59.51,
                    122.6
                ]
            },
            "id": "aka2026ejqrcy"
        },
        {
            "type": "Feature",
            "properties": {
                "mag": 4.2,
                "place": "228 km ESE of Attu Station, Alaska",
                "time": 1772574413700,
                "updated": 1772590468035,
                "tz": null,
                "url": "https://earthquake.usgs.gov/earthquakes/eventpage/aka2026ejqpwt",
                "detail": "https://earthquake.usgs.gov/earthquakes/feed/v1.0/detail/aka2026ejqpwt.geojson",
                "felt": null,
                "cdi": null,
                "mmi": 2.522,
                "alert": null,
                "status": "reviewed",
                "tsunami": 0,
                "sig": 271,
                "net": "ak",
                "code": "a2026ejqpwt",
                "ids": ",aka2026ejqpwt,",
                "sources": ",ak,",
                "types": ",origin,phase-data,shakemap,",
                "nst": 23,
                "dmin": 1.4,
                "rms": 1.3,
                "gap": 199,
                "magType": "ml",
                "type": "earthquake",
                "title": "M 4.2 - 228 km ESE of Attu Station, Alaska"
            },
            "geometry": {
                "type": "Point",
                "coordinates": [
                    176.179,
                    51.91,
                    18.2
                ]
            },
            "id": "aka2026ejqpwt"
        },
        {
            "type": "Feature",
            "properties": {
                "mag": 1.8,
                "place": "62 km SE of Denali National Park, Alaska",
                "time": 1772573925213,
                "updated": 1772598985385,
                "tz": null,
                "url": "https://earthquake.usgs.gov/earthquakes/eventpage/aka2026ejqiwc",
                "detail": "https://earthquake.usgs.gov/earthquakes/feed/v1.0/detail/aka2026ejqiwc.geojson",
                "felt": null,
                "cdi": null,
                "mmi": null,
                "alert": null,
                "status": "reviewed",
                "tsunami": 0,
                "sig": 50,
                "net": "ak",
                "code": "a2026ejqiwc",
                "ids": ",aka2026ejqiwc,",
                "sources": ",ak,",
                "types": ",origin,phase-data,",
                "nst": 19,
                "dmin": 0.6,
                "rms": 0.3,
                "gap": 93,
                "magType": "ml",
                "type": "earthquake",
                "title": "M 1.8 - 62 km SE of Denali National Park, Alaska"
            },
            "geometry": {
                "type": "Point",
                "coordinates": [
                    -150.902,
                    63.116,
                    131.5
                ]
            },
            "id": "aka2026ejqiwc"
        },
        {
            "type": "Feature",
            "properties": {
                "mag": 1.6,
                "place": "75 km W of Salamatof, Alaska",
                "time": 1772573669018,
                "updated": 1772615871590,
                "tz": null,
                "url": "https://earthquake.usgs.gov/earthquakes/eventpage/aka2026ejqfen",
                "detail": "https://earthquake.usgs.gov/earthquakes/feed/v1.0/detail/aka2026ejqfen.geojson",
                "felt": null,
                "cdi": null,
                "mmi": null,
                "alert": null,
                "status": "reviewed",
                "tsunami": 0,
                "sig": 39,
                "net": "ak",
                "code": "a2026ejqfen",
                "ids": ",av94070098,aka2026ejqfen,",
                "sources": ",av,ak,",
                "types": ",origin,phase-data,",
                "nst": 27,
                "dmin": 0.1,
                "rms": 0.5,
                "gap": 64,
                "magType": "ml",
                "type": "earthquake",
                "title": "M 1.6 - 75 km W of Salamatof, Alaska"
            },
            "geometry": {
                "type": "Point",
                "coordinates": [
                    -152.674,
                    60.521,
                    10.6
                ]
            },
            "id": "aka2026ejqfen"
        },
        {
            "type": "Feature",
            "properties": {
                "mag": 4.6,
                "place": "100 km WNW of La Ligua, Chile",
                "time": 1772573426100,
                "updated": 1772574740040,
                "tz": null,
                "url": "https://earthquake.usgs.gov/earthquakes/eventpage/us7000s1tv",
                "detail": "https://earthquake.usgs.gov/earthquakes/feed/v1.0/detail/us7000s1tv.geojson",
                "felt": null,
                "cdi": null,
                "mmi": null,
                "alert": null,
                "status": "reviewed",
                "tsunami": 0,
                "sig": 326,
                "net": "us",
                "code": "7000s1tv",
                "ids": ",us7000s1tv,",
                "sources": ",us,",
                "types": ",origin,phase-data,",
                "nst": 32,
                "dmin": 1.067,
                "rms": 0.45,
                "gap": 161,
                "magType": "mb",
                "type": "earthquake",
                "title": "M 4.6 - 100 km WNW of La Ligua, Chile"
            },
            "geometry": {
                "type": "Point",
                "coordinates": [
                    -72.2281,
                    -32.1233,
                    10
                ]
            },
            "id": "us7000s1tv"
        },
        {
            "type": "Feature",
            "properties": {
                "mag": 1.9,
                "place": "96 km WNW of Yakutat, Alaska",
                "time": 1772571446534,
                "updated": 1772600606182,
                "tz": null,
                "url": "https://earthquake.usgs.gov/earthquakes/eventpage/aka2026ejozhm",
                "detail": "https://earthquake.usgs.gov/earthquakes/feed/v1.0/detail/aka2026ejozhm.geojson",
                "felt": null,
                "cdi": null,
                "mmi": null,
                "alert": null,
                "status": "reviewed",
                "tsunami": 0,
                "sig": 56,
                "net": "ak",
                "code": "a2026ejozhm",
                "ids": ",aka2026ejozhm,",
                "sources": ",ak,",
                "types": ",origin,phase-data,",
                "nst": 14,
                "dmin": 0.5,
                "rms": 0.5,
                "gap": 287,
                "magType": "ml",
                "type": "earthquake",
                "title": "M 1.9 - 96 km WNW of Yakutat, Alaska"
            },
            "geometry": {
                "type": "Point",
                "coordinates": [
                    -141.337,
                    59.842,
                    19.8
                ]
            },
            "id": "aka2026ejozhm"
        },
        {
            "type": "Feature",
            "properties": {
                "mag": 4.6,
                "place": "138 km WSW of Fakfak, Indonesia",
                "time": 1772570623155,
                "updated": 1772574290040,
                "tz": null,
                "url": "https://earthquake.usgs.gov/earthquakes/eventpage/us7000s1th",
                "detail": "https://earthquake.usgs.gov/earthquakes/feed/v1.0/detail/us7000s1th.geojson",
                "felt": null,
                "cdi": null,
                "mmi": null,
                "alert": null,
                "status": "reviewed",
                "tsunami": 0,
                "sig": 326,
                "net": "us",
                "code": "7000s1th",
                "ids": ",us7000s1th,",
                "sources": ",us,",
                "types": ",origin,phase-data,",
                "nst": 42,
                "dmin": 1.199,
                "rms": 0.65,
                "gap": 61,
                "magType": "mb",
                "type": "earthquake",
                "title": "M 4.6 - 138 km WSW of Fakfak, Indonesia"
            },
            "geometry": {
                "type": "Point",
                "coordinates": [
                    131.0886,
                    -3.2307,
                    10
                ]
            },
            "id": "us7000s1th"
        },
        {
            "type": "Feature",
            "properties": {
                "mag": 2.02,
                "place": "7 km W of Templeton, CA",
                "time": 1772570192180,
                "updated": 1772576840206,
                "tz": null,
                "url": "https://earthquake.usgs.gov/earthquakes/eventpage/nc75322042",
                "detail": "https://earthquake.usgs.gov/earthquakes/feed/v1.0/detail/nc75322042.geojson",
                "felt": null,
                "cdi": null,
                "mmi": null,
                "alert": null,
                "status": "automatic",
                "tsunami": 0,
                "sig": 63,
                "net": "nc",
                "code": "75322042",
                "ids": ",nc75322042,",
                "sources": ",nc,",
                "types": ",nearby-cities,origin,phase-data,scitech-link,",
                "nst": 24,
                "dmin": 0.1111,
                "rms": 0.05,
                "gap": 78,
                "magType": "md",
                "type": "earthquake",
                "title": "M 2.0 - 7 km W of Templeton, CA"
            },
            "geometry": {
                "type": "Point",
                "coordinates": [
                    -120.785003662109,
                    35.5488319396973,
                    6.19999980926514
                ]
            },
            "id": "nc75322042"
        },
        {
            "type": "Feature",
            "properties": {
                "mag": 1.3,
                "place": "14 km S of Ackerly, Texas",
                "time": 1772569435398,
                "updated": 1772572706556,
                "tz": null,
                "url": "https://earthquake.usgs.gov/earthquakes/eventpage/tx2026ejnwgs",
                "detail": "https://earthquake.usgs.gov/earthquakes/feed/v1.0/detail/tx2026ejnwgs.geojson",
                "felt": null,
                "cdi": null,
                "mmi": null,
                "alert": null,
                "status": "reviewed",
                "tsunami": 0,
                "sig": 26,
                "net": "tx",
                "code": "2026ejnwgs",
                "ids": ",tx2026ejnwgs,",
                "sources": ",tx,",
                "types": ",origin,phase-data,",
                "nst": 36,
                "dmin": 0,
                "rms": 0.1,
                "gap": 39,
                "magType": "ml",
                "type": "earthquake",
                "title": "M 1.3 - 14 km S of Ackerly, Texas"
            },
            "geometry": {
                "type": "Point",
                "coordinates": [
                    -101.71,
                    32.4,
                    7.2998
                ]
            },
            "id": "tx2026ejnwgs"
        },
        {
            "type": "Feature",
            "properties": {
                "mag": 2.7,
                "place": "84 km SW of Nikolski, Alaska",
                "time": 1772569427545,
                "updated": 1772600539509,
                "tz": null,
                "url": "https://earthquake.usgs.gov/earthquakes/eventpage/aka2026ejnwip",
                "detail": "https://earthquake.usgs.gov/earthquakes/feed/v1.0/detail/aka2026ejnwip.geojson",
                "felt": null,
                "cdi": null,
                "mmi": null,
                "alert": null,
                "status": "reviewed",
                "tsunami": 0,
                "sig": 112,
                "net": "ak",
                "code": "a2026ejnwip",
                "ids": ",aka2026ejnwip,",
                "sources": ",ak,",
                "types": ",origin,phase-data,",
                "nst": 11,
                "dmin": 0.4,
                "rms": 0.7,
                "gap": 290,
                "magType": "ml",
                "type": "earthquake",
                "title": "M 2.7 - 84 km SW of Nikolski, Alaska"
            },
            "geometry": {
                "type": "Point",
                "coordinates": [
                    -169.72,
                    52.393,
                    10.4
                ]
            },
            "id": "aka2026ejnwip"
        },
        {
            "type": "Feature",
            "properties": {
                "mag": 1.97,
                "place": "52 km ESE of Beatty, Nevada",
                "time": 1772568579587,
                "updated": 1772572965533,
                "tz": null,
                "url": "https://earthquake.usgs.gov/earthquakes/eventpage/nn00911776",
                "detail": "https://earthquake.usgs.gov/earthquakes/feed/v1.0/detail/nn00911776.geojson",
                "felt": null,
                "cdi": null,
                "mmi": null,
                "alert": null,
                "status": "reviewed",
                "tsunami": 0,
                "sig": 60,
                "net": "nn",
                "code": "00911776",
                "ids": ",nn00911776,",
                "sources": ",nn,",
                "types": ",origin,phase-data,",
                "nst": 36,
                "dmin": 0.055,
                "rms": 0.0945,
                "gap": 84,
                "magType": "ml",
                "type": "earthquake",
                "title": "M 2.0 - 52 km ESE of Beatty, Nevada"
            },
            "geometry": {
                "type": "Point",
                "coordinates": [
                    -116.2706,
                    36.6501,
                    7.195
                ]
            },
            "id": "nn00911776"
        },
        {
            "type": "Feature",
            "properties": {
                "mag": 1.5,
                "place": "18 km E of Goodsprings, Nevada",
                "time": 1772567918434,
                "updated": 1772568080956,
                "tz": null,
                "url": "https://earthquake.usgs.gov/earthquakes/eventpage/nn00911774",
                "detail": "https://earthquake.usgs.gov/earthquakes/feed/v1.0/detail/nn00911774.geojson",
                "felt": null,
                "cdi": null,
                "mmi": null,
                "alert": null,
                "status": "automatic",
                "tsunami": 0,
                "sig": 35,
                "net": "nn",
                "code": "00911774",
                "ids": ",nn00911774,",
                "sources": ",nn,",
                "types": ",origin,phase-data,",
                "nst": 11,
                "dmin": 1.004,
                "rms": 0.5591,
                "gap": 281,
                "magType": "ml",
                "type": "earthquake",
                "title": "M 1.5 - 18 km E of Goodsprings, Nevada"
            },
            "geometry": {
                "type": "Point",
                "coordinates": [
                    -115.2356,
                    35.8463,
                    15.9629
                ]
            },
            "id": "nn00911774"
        },
        {
            "type": "Feature",
            "properties": {
                "mag": 2.49,
                "place": "51 km ESE of Beatty, Nevada",
                "time": 1772566248554,
                "updated": 1772569735578,
                "tz": null,
                "url": "https://earthquake.usgs.gov/earthquakes/eventpage/nn00911767",
                "detail": "https://earthquake.usgs.gov/earthquakes/feed/v1.0/detail/nn00911767.geojson",
                "felt": null,
                "cdi": null,
                "mmi": null,
                "alert": null,
                "status": "reviewed",
                "tsunami": 0,
                "sig": 95,
                "net": "nn",
                "code": "00911767",
                "ids": ",us7000s1sp,nn00911767,",
                "sources": ",us,nn,",
                "types": ",origin,phase-data,",
                "nst": 41,
                "dmin": 0.056,
                "rms": 0.1144,
                "gap": 83,
                "magType": "ml",
                "type": "earthquake",
                "title": "M 2.5 - 51 km ESE of Beatty, Nevada"
            },
            "geometry": {
                "type": "Point",
                "coordinates": [
                    -116.2707,
                    36.6577,
                    7.08
                ]
            },
            "id": "nn00911767"
        },
        {
            "type": "Feature",
            "properties": {
                "mag": 2.38,
                "place": "23 km SSE of P\u0101hala, Hawaii",
                "time": 1772565383810,
                "updated": 1772570463610,
                "tz": null,
                "url": "https://earthquake.usgs.gov/earthquakes/eventpage/hv74912466",
                "detail": "https://earthquake.usgs.gov/earthquakes/feed/v1.0/detail/hv74912466.geojson",
                "felt": null,
                "cdi": null,
                "mmi": null,
                "alert": null,
                "status": "reviewed",
                "tsunami": 0,
                "sig": 87,
                "net": "hv",
                "code": "74912466",
                "ids": ",us7000s1sm,hv74912466,",
                "sources": ",us,hv,",
                "types": ",origin,phase-data,",
                "nst": 52,
                "dmin": 0.1671,
                "rms": 0.13,
                "gap": 217,
                "magType": "ml",
                "type": "earthquake",
                "title": "M 2.4 - 23 km SSE of P\u0101hala, Hawaii"
            },
            "geometry": {
                "type": "Point",
                "coordinates": [
                    -155.352666666667,
                    19.0235,
                    32.79
                ]
            },
            "id": "hv74912466"
        },
        {
            "type": "Feature",
            "properties": {
                "mag": 1.7,
                "place": "43 km NW of Toyah, Texas",
                "time": 1772565091307,
                "updated": 1772567213936,
                "tz": null,
                "url": "https://earthquake.usgs.gov/earthquakes/eventpage/tx2026ejlltj",
                "detail": "https://earthquake.usgs.gov/earthquakes/feed/v1.0/detail/tx2026ejlltj.geojson",
                "felt": null,
                "cdi": null,
                "mmi": null,
                "alert": null,
                "status": "reviewed",
                "tsunami": 0,
                "sig": 44,
                "net": "tx",
                "code": "2026ejlltj",
                "ids": ",tx2026ejlltj,",
                "sources": ",tx,",
                "types": ",origin,phase-data,",
                "nst": 28,
                "dmin": 0,
                "rms": 0.1,
                "gap": 61,
                "magType": "ml",
                "type": "earthquake",
                "title": "M 1.7 - 43 km NW of Toyah, Texas"
            },
            "geometry": {
                "type": "Point",
                "coordinates": [
                    -104.117,
                    31.598,
                    6.3049
                ]
            },
            "id": "tx2026ejlltj"
        },
        {
            "type": "Feature",
            "properties": {
                "mag": 1.65,
                "place": "45 km NNW of Los Algodones, B.C., MX",
                "time": 1772565052030,
                "updated": 1772565403780,
                "tz": null,
                "url": "https://earthquake.usgs.gov/earthquakes/eventpage/ci41408328",
                "detail": "https://earthquake.usgs.gov/earthquakes/feed/v1.0/detail/ci41408328.geojson",
                "felt": null,
                "cdi": null,
                "mmi": null,
                "alert": null,
                "status": "automatic",
                "tsunami": 0,
                "sig": 42,
                "net": "ci",
                "code": "41408328",
                "ids": ",ci41408328,",
                "sources": ",ci,",
                "types": ",nearby-cities,origin,phase-data,scitech-link,",
                "nst": 13,
                "dmin": 0.07249,
                "rms": 0.19,
                "gap": 59,
                "magType": "ml",
                "type": "earthquake",
                "title": "M 1.7 - 45 km NNW of Los Algodones, B.C., MX"
            },
            "geometry": {
                "type": "Point",
                "coordinates": [
                    -114.985166666667,
                    33.0446666666667,
                    3.56
                ]
            },
            "id": "ci41408328"
        },
        {
            "type": "Feature",
            "properties": {
                "mag": 1.75,
                "place": "52 km ESE of Beatty, Nevada",
                "time": 1772564995970,
                "updated": 1772576021686,
                "tz": null,
                "url": "https://earthquake.usgs.gov/earthquakes/eventpage/nn00911754",
                "detail": "https://earthquake.usgs.gov/earthquakes/feed/v1.0/detail/nn00911754.geojson",
                "felt": null,
                "cdi": null,
                "mmi": null,
                "alert": null,
                "status": "reviewed",
                "tsunami": 0,
                "sig": 47,
                "net": "nn",
                "code": "00911754",
                "ids": ",nn00911754,",
                "sources": ",nn,",
                "types": ",origin,phase-data,",
                "nst": 40,
                "dmin": 0.056,
                "rms": 0.1066,
                "gap": 84,
                "magType": "ml",
                "type": "earthquake",
                "title": "M 1.8 - 52 km ESE of Beatty, Nevada"
            },
            "geometry": {
                "type": "Point",
                "coordinates": [
                    -116.2691,
                    36.6487,
                    7.5855
                ]
            },
            "id": "nn00911754"
        },
        {
            "type": "Feature",
            "properties": {
                "mag": 1.1,
                "place": "15 km S of Ackerly, Texas",
                "time": 1772564791512,
                "updated": 1772568632167,
                "tz": null,
                "url": "https://earthquake.usgs.gov/earthquakes/eventpage/tx2026ejlenl",
                "detail": "https://earthquake.usgs.gov/earthquakes/feed/v1.0/detail/tx2026ejlenl.geojson",
                "felt": null,
                "cdi": null,
                "mmi": null,
                "alert": null,
                "status": "reviewed",
                "tsunami": 0,
                "sig": 19,
                "net": "tx",
                "code": "2026ejlenl",
                "ids": ",tx2026ejlenl,",
                "sources": ",tx,",
                "types": ",origin,phase-data,",
                "nst": 28,
                "dmin": 0,
                "rms": 0.1,
                "gap": 60,
                "magType": "ml",
                "type": "earthquake",
                "title": "M 1.1 - 15 km S of Ackerly, Texas"
            },
            "geometry": {
                "type": "Point",
                "coordinates": [
                    -101.728,
                    32.39,
                    5.8105
                ]
            },
            "id": "tx2026ejlenl"
        },
        {
            "type": "Feature",
            "properties": {
                "mag": 4.4,
                "place": "240 km ESE of Attu Station, Alaska",
                "time": 1772564572028,
                "updated": 1772571771250,
                "tz": null,
                "url": "https://earthquake.usgs.gov/earthquakes/eventpage/us7000s1sn",
                "detail": "https://earthquake.usgs.gov/earthquakes/feed/v1.0/detail/us7000s1sn.geojson",
                "felt": null,
                "cdi": null,
                "mmi": 2.613,
                "alert": null,
                "status": "reviewed",
                "tsunami": 0,
                "sig": 298,
                "net": "us",
                "code": "7000s1sn",
                "ids": ",aka2026ejlfeu,us7000s1sn,",
                "sources": ",ak,us,",
                "types": ",origin,phase-data,shakemap,",
                "nst": 47,
                "dmin": 1.266,
                "rms": 0.92,
                "gap": 159,
                "magType": "mb",
                "type": "earthquake",
                "title": "M 4.4 - 240 km ESE of Attu Station, Alaska"
            },
            "geometry": {
                "type": "Point",
                "coordinates": [
                    176.6777,
                    52.4494,
                    10
                ]
            },
            "id": "us7000s1sn"
        },
        {
            "type": "Feature",
            "properties": {
                "mag": 1.4,
                "place": "43 km WNW of Tatitlek, Alaska",
                "time": 1772564525870,
                "updated": 1772566719876,
                "tz": null,
                "url": "https://earthquake.usgs.gov/earthquakes/eventpage/aka2026ejldvo",
                "detail": "https://earthquake.usgs.gov/earthquakes/feed/v1.0/detail/aka2026ejldvo.geojson",
                "felt": null,
                "cdi": null,
                "mmi": null,
                "alert": null,
                "status": "automatic",
                "tsunami": 0,
                "sig": 30,
                "net": "ak",
                "code": "a2026ejldvo",
                "ids": ",aka2026ejldvo,",
                "sources": ",ak,",
                "types": ",origin,",
                "nst": 10,
                "dmin": 0.2,
                "rms": 0.7,
                "gap": 128,
                "magType": "ml",
                "type": "earthquake",
                "title": "M 1.4 - 43 km WNW of Tatitlek, Alaska"
            },
            "geometry": {
                "type": "Point",
                "coordinates": [
                    -147.467,
                    60.947,
                    57.4
                ]
            },
            "id": "aka2026ejldvo"
        },
        {
            "type": "Feature",
            "properties": {
                "mag": 2.02,
                "place": "75 km NE of Tonopah, Nevada",
                "time": 1772564501527,
                "updated": 1772574103573,
                "tz": null,
                "url": "https://earthquake.usgs.gov/earthquakes/eventpage/nn00911750",
                "detail": "https://earthquake.usgs.gov/earthquakes/feed/v1.0/detail/nn00911750.geojson",
                "felt": null,
                "cdi": null,
                "mmi": null,
                "alert": null,
                "status": "reviewed",
                "tsunami": 0,
                "sig": 63,
                "net": "nn",
                "code": "00911750",
                "ids": ",nn00911750,",
                "sources": ",nn,",
                "types": ",origin,phase-data,",
                "nst": 9,
                "dmin": 0.484,
                "rms": 0.1171,
                "gap": 151,
                "magType": "ml",
                "type": "earthquake",
                "title": "M 2.0 - 75 km NE of Tonopah, Nevada"
            },
            "geometry": {
                "type": "Point",
                "coordinates": [
                    -116.5177,
                    38.452,
                    9.1203
                ]
            },
            "id": "nn00911750"
        },
        {
            "type": "Feature",
            "properties": {
                "mag": 1.5,
                "place": "36 km NW of Toyah, Texas",
                "time": 1772564468396,
                "updated": 1772568301120,
                "tz": null,
                "url": "https://earthquake.usgs.gov/earthquakes/eventpage/tx2026ejlcyp",
                "detail": "https://earthquake.usgs.gov/earthquakes/feed/v1.0/detail/tx2026ejlcyp.geojson",
                "felt": null,
                "cdi": null,
                "mmi": null,
                "alert": null,
                "status": "reviewed",
                "tsunami": 0,
                "sig": 35,
                "net": "tx",
                "code": "2026ejlcyp",
                "ids": ",tx2026ejlcyp,",
                "sources": ",tx,",
                "types": ",origin,phase-data,",
                "nst": 32,
                "dmin": 0,
                "rms": 0.2,
                "gap": 42,
                "magType": "ml",
                "type": "earthquake",
                "title": "M 1.5 - 36 km NW of Toyah, Texas"
            },
            "geometry": {
                "type": "Point",
                "coordinates": [
                    -104.025,
                    31.581,
                    7.7405
                ]
            },
            "id": "tx2026ejlcyp"
        },
        {
            "type": "Feature",
            "properties": {
                "mag": 1.8,
                "place": "115 km N of Yakutat, Alaska",
                "time": 1772563983733,
                "updated": 1772623706619,
                "tz": null,
                "url": "https://earthquake.usgs.gov/earthquakes/eventpage/aka2026ejkwcx",
                "detail": "https://earthquake.usgs.gov/earthquakes/feed/v1.0/detail/aka2026ejkwcx.geojson",
                "felt": null,
                "cdi": null,
                "mmi": null,
                "alert": null,
                "status": "reviewed",
                "tsunami": 0,
                "sig": 50,
                "net": "ak",
                "code": "a2026ejkwcx",
                "ids": ",aka2026ejkwcx,",
                "sources": ",ak,",
                "types": ",origin,phase-data,",
                "nst": 11,
                "dmin": 0.5,
                "rms": 0.4,
                "gap": 88,
                "magType": "ml",
                "type": "earthquake",
                "title": "M 1.8 - 115 km N of Yakutat, Alaska"
            },
            "geometry": {
                "type": "Point",
                "coordinates": [
                    -139.891,
                    60.576,
                    12.9
                ]
            },
            "id": "aka2026ejkwcx"
        },
        {
            "type": "Feature",
            "properties": {
                "mag": 1.6,
                "place": "98 km NW of Yakutat, Alaska",
                "time": 1772563803909,
                "updated": 1772623627615,
                "tz": null,
                "url": "https://earthquake.usgs.gov/earthquakes/eventpage/aka2026ejktms",
                "detail": "https://earthquake.usgs.gov/earthquakes/feed/v1.0/detail/aka2026ejktms.geojson",
                "felt": null,
                "cdi": null,
                "mmi": null,
                "alert": null,
                "status": "reviewed",
                "tsunami": 0,
                "sig": 39,
                "net": "ak",
                "code": "a2026ejktms",
                "ids": ",aka2026ejktms,",
                "sources": ",ak,",
                "types": ",origin,phase-data,",
                "nst": 10,
                "dmin": 0.2,
                "rms": 0.8,
                "gap": 172,
                "magType": "ml",
                "type": "earthquake",
                "title": "M 1.6 - 98 km NW of Yakutat, Alaska"
            },
            "geometry": {
                "type": "Point",
                "coordinates": [
                    -140.986,
                    60.165,
                    22.5
                ]
            },
            "id": "aka2026ejktms"
        },
        {
            "type": "Feature",
            "properties": {
                "mag": 1.34,
                "place": "6 km WSW of Castle Rock, Washington",
                "time": 1772562905720,
                "updated": 1772565727010,
                "tz": null,
                "url": "https://earthquake.usgs.gov/earthquakes/eventpage/uw62229791",
                "detail": "https://earthquake.usgs.gov/earthquakes/feed/v1.0/detail/uw62229791.geojson",
                "felt": null,
                "cdi": null,
                "mmi": null,
                "alert": null,
                "status": "reviewed",
                "tsunami": 0,
                "sig": 28,
                "net": "uw",
                "code": "62229791",
                "ids": ",uw62229791,",
                "sources": ",uw,",
                "types": ",origin,phase-data,",
                "nst": 16,
                "dmin": 0.1282,
                "rms": 0.49,
                "gap": 88,
                "magType": "ml",
                "type": "explosion",
                "title": "M 1.3 Explosion - 6 km WSW of Castle Rock, Washington"
            },
            "geometry": {
                "type": "Point",
                "coordinates": [
                    -122.98,
                    46.24483333333333,
                    -0.53
                ]
            },
            "id": "uw62229791"
        },
        {
            "type": "Feature",
            "properties": {
                "mag": 1.9,
                "place": "92 km NNE of Yakutat, Alaska",
                "time": 1772562686328,
                "updated": 1772623552896,
                "tz": null,
                "url": "https://earthquake.usgs.gov/earthquakes/eventpage/aka2026ejkdle",
                "detail": "https://earthquake.usgs.gov/earthquakes/feed/v1.0/detail/aka2026ejkdle.geojson",
                "felt": null,
                "cdi": null,
                "mmi": null,
                "alert": null,
                "status": "reviewed",
                "tsunami": 0,
                "sig": 56,
                "net": "ak",
                "code": "a2026ejkdle",
                "ids": ",aka2026ejkdle,",
                "sources": ",ak,",
                "types": ",origin,phase-data,",
                "nst": 9,
                "dmin": 0.5,
                "rms": 0.8,
                "gap": 125,
                "magType": "ml",
                "type": "earthquake",
                "title": "M 1.9 - 92 km NNE of Yakutat, Alaska"
            },
            "geometry": {
                "type": "Point",
                "coordinates": [
                    -139.275,
                    60.346,
                    10.7
                ]
            },
            "id": "aka2026ejkdle"
        },
        {
            "type": "Feature",
            "properties": {
                "mag": 1.11,
                "place": "13 km W of Johannesburg, CA",
                "time": 1772562382250,
                "updated": 1772567988504,
                "tz": null,
                "url": "https://earthquake.usgs.gov/earthquakes/eventpage/ci41408264",
                "detail": "https://earthquake.usgs.gov/earthquakes/feed/v1.0/detail/ci41408264.geojson",
                "felt": null,
                "cdi": null,
                "mmi": null,
                "alert": null,
                "status": "reviewed",
                "tsunami": 0,
                "sig": 19,
                "net": "ci",
                "code": "41408264",
                "ids": ",ci41408264,",
                "sources": ",ci,",
                "types": ",nearby-cities,origin,phase-data,scitech-link,",
                "nst": 30,
                "dmin": 0.1129,
                "rms": 0.18,
                "gap": 72,
                "magType": "ml",
                "type": "earthquake",
                "title": "M 1.1 - 13 km W of Johannesburg, CA"
            },
            "geometry": {
                "type": "Point",
                "coordinates": [
                    -117.781833333333,
                    35.3676666666667,
                    5.97
                ]
            },
            "id": "ci41408264"
        },
        {
            "type": "Feature",
            "properties": {
                "mag": 3.12,
                "place": "75 km NW of San Antonio, Puerto Rico",
                "time": 1772562249830,
                "updated": 1772567313040,
                "tz": null,
                "url": "https://earthquake.usgs.gov/earthquakes/eventpage/pr71508938",
                "detail": "https://earthquake.usgs.gov/earthquakes/feed/v1.0/detail/pr71508938.geojson",
                "felt": null,
                "cdi": null,
                "mmi": null,
                "alert": null,
                "status": "reviewed",
                "tsunami": 0,
                "sig": 150,
                "net": "pr",
                "code": "71508938",
                "ids": ",us7000s1se,pr71508938,",
                "sources": ",us,pr,",
                "types": ",origin,phase-data,",
                "nst": 16,
                "dmin": 0.6839,
                "rms": 0.28,
                "gap": 206,
                "magType": "md",
                "type": "earthquake",
                "title": "M 3.1 - 75 km NW of San Antonio, Puerto Rico"
            },
            "geometry": {
                "type": "Point",
                "coordinates": [
                    -67.6506666666667,
                    18.924,
                    11.66
                ]
            },
            "id": "pr71508938"
        },
        {
            "type": "Feature",
            "properties": {
                "mag": 2.03,
                "place": "51 km ESE of Beatty, Nevada",
                "time": 1772561760686,
                "updated": 1772564585577,
                "tz": null,
                "url": "https://earthquake.usgs.gov/earthquakes/eventpage/nn00911725",
                "detail": "https://earthquake.usgs.gov/earthquakes/feed/v1.0/detail/nn00911725.geojson",
                "felt": null,
                "cdi": null,
                "mmi": null,
                "alert": null,
                "status": "reviewed",
                "tsunami": 0,
                "sig": 63,
                "net": "nn",
                "code": "00911725",
                "ids": ",nn00911725,",
                "sources": ",nn,",
                "types": ",origin,phase-data,",
                "nst": 46,
                "dmin": 0.057,
                "rms": 0.1195,
                "gap": 83,
                "magType": "ml",
                "type": "earthquake",
                "title": "M 2.0 - 51 km ESE of Beatty, Nevada"
            },
            "geometry": {
                "type": "Point",
                "coordinates": [
                    -116.2708,
                    36.6596,
                    7.3918
                ]
            },
            "id": "nn00911725"
        },
        {
            "type": "Feature",
            "properties": {
                "mag": 1.28,
                "place": "5 km NNW of Boron, CA",
                "time": 1772561667680,
                "updated": 1772563944690,
                "tz": null,
                "url": "https://earthquake.usgs.gov/earthquakes/eventpage/ci41408256",
                "detail": "https://earthquake.usgs.gov/earthquakes/feed/v1.0/detail/ci41408256.geojson",
                "felt": null,
                "cdi": null,
                "mmi": null,
                "alert": null,
                "status": "reviewed",
                "tsunami": 0,
                "sig": 25,
                "net": "ci",
                "code": "41408256",
                "ids": ",ci41408256,",
                "sources": ",ci,",
                "types": ",nearby-cities,origin,phase-data,scitech-link,",
                "nst": 23,
                "dmin": 0.1088,
                "rms": 0.19,
                "gap": 94,
                "magType": "ml",
                "type": "quarry blast",
                "title": "M 1.3 Quarry Blast - 5 km NNW of Boron, CA"
            },
            "geometry": {
                "type": "Point",
                "coordinates": [
                    -117.679166666667,
                    35.0425,
                    -0.82
                ]
            },
            "id": "ci41408256"
        },
        {
            "type": "Feature",
            "properties": {
                "mag": 1.55,
                "place": "52 km ESE of Beatty, Nevada",
                "time": 1772561640847,
                "updated": 1772561777491,
                "tz": null,
                "url": "https://earthquake.usgs.gov/earthquakes/eventpage/nn00911722",
                "detail": "https://earthquake.usgs.gov/earthquakes/feed/v1.0/detail/nn00911722.geojson",
                "felt": null,
                "cdi": null,
                "mmi": null,
                "alert": null,
                "status": "automatic",
                "tsunami": 0,
                "sig": 37,
                "net": "nn",
                "code": "00911722",
                "ids": ",nn00911722,",
                "sources": ",nn,",
                "types": ",origin,phase-data,",
                "nst": 29,
                "dmin": 0.058,
                "rms": 0.3113,
                "gap": 84,
                "magType": "ml",
                "type": "earthquake",
                "title": "M 1.6 - 52 km ESE of Beatty, Nevada"
            },
            "geometry": {
                "type": "Point",
                "coordinates": [
                    -116.2667,
                    36.6531,
                    5.8027
                ]
            },
            "id": "nn00911722"
        },
        {
            "type": "Feature",
            "properties": {
                "mag": 2.07,
                "place": "8 km WNW of Kernville, CA",
                "time": 1772561274650,
                "updated": 1772563772090,
                "tz": null,
                "url": "https://earthquake.usgs.gov/earthquakes/eventpage/ci41408240",
                "detail": "https://earthquake.usgs.gov/earthquakes/feed/v1.0/detail/ci41408240.geojson",
                "felt": null,
                "cdi": null,
                "mmi": null,
                "alert": null,
                "status": "reviewed",
                "tsunami": 0,
                "sig": 66,
                "net": "ci",
                "code": "41408240",
                "ids": ",ci41408240,",
                "sources": ",ci,",
                "types": ",focal-mechanism,nearby-cities,origin,phase-data,scitech-link,",
                "nst": 39,
                "dmin": 0.04663,
                "rms": 0.2,
                "gap": 43,
                "magType": "ml",
                "type": "earthquake",
                "title": "M 2.1 - 8 km WNW of Kernville, CA"
            },
            "geometry": {
                "type": "Point",
                "coordinates": [
                    -118.517,
                    35.7708333333333,
                    6.47
                ]
            },
            "id": "ci41408240"
        },
        {
            "type": "Feature",
            "properties": {
                "mag": 1.5,
                "place": "29 km NNW of Toyah, Texas",
                "time": 1772560718996,
                "updated": 1772563810741,
                "tz": null,
                "url": "https://earthquake.usgs.gov/earthquakes/eventpage/tx2026ejjbbu",
                "detail": "https://earthquake.usgs.gov/earthquakes/feed/v1.0/detail/tx2026ejjbbu.geojson",
                "felt": null,
                "cdi": null,
                "mmi": null,
                "alert": null,
                "status": "reviewed",
                "tsunami": 0,
                "sig": 35,
                "net": "tx",
                "code": "2026ejjbbu",
                "ids": ",tx2026ejjbbu,",
                "sources": ",tx,",
                "types": ",origin,phase-data,",
                "nst": 22,
                "dmin": 0,
                "rms": 0.1,
                "gap": 50,
                "magType": "ml",
                "type": "earthquake",
                "title": "M 1.5 - 29 km NNW of Toyah, Texas"
            },
            "geometry": {
                "type": "Point",
                "coordinates": [
                    -103.959,
                    31.544,
                    6.9843
                ]
            },
            "id": "tx2026ejjbbu"
        },
        {
            "type": "Feature",
            "properties": {
                "mag": 1.52,
                "place": "2 km SE of Tecopa, California",
                "time": 1772560185024,
                "updated": 1772560304219,
                "tz": null,
                "url": "https://earthquake.usgs.gov/earthquakes/eventpage/nn00911707",
                "detail": "https://earthquake.usgs.gov/earthquakes/feed/v1.0/detail/nn00911707.geojson",
                "felt": null,
                "cdi": null,
                "mmi": null,
                "alert": null,
                "status": "automatic",
                "tsunami": 0,
                "sig": 36,
                "net": "nn",
                "code": "00911707",
                "ids": ",nn00911707,",
                "sources": ",nn,",
                "types": ",origin,phase-data,",
                "nst": 8,
                "dmin": 0.824,
                "rms": 0.2262,
                "gap": 316,
                "magType": "ml",
                "type": "earthquake",
                "title": "M 1.5 - 2 km SE of Tecopa, California"
            },
            "geometry": {
                "type": "Point",
                "coordinates": [
                    -116.2044,
                    35.829,
                    9.5552
                ]
            },
            "id": "nn00911707"
        },
        {
            "type": "Feature",
            "properties": {
                "mag": 1.5,
                "place": "5 km NW of Three Rivers, Texas",
                "time": 1772559608143,
                "updated": 1772569558314,
                "tz": null,
                "url": "https://earthquake.usgs.gov/earthquakes/eventpage/tx2026ejilgr",
                "detail": "https://earthquake.usgs.gov/earthquakes/feed/v1.0/detail/tx2026ejilgr.geojson",
                "felt": null,
                "cdi": null,
                "mmi": null,
                "alert": null,
                "status": "reviewed",
                "tsunami": 0,
                "sig": 35,
                "net": "tx",
                "code": "2026ejilgr",
                "ids": ",tx2026ejilgr,",
                "sources": ",tx,",
                "types": ",origin,phase-data,",
                "nst": 12,
                "dmin": 0.2,
                "rms": 0.3,
                "gap": 78,
                "magType": "ml",
                "type": "earthquake",
                "title": "M 1.5 - 5 km NW of Three Rivers, Texas"
            },
            "geometry": {
                "type": "Point",
                "coordinates": [
                    -98.225,
                    28.486,
                    6.6122
                ]
            },
            "id": "tx2026ejilgr"
        },
        {
            "type": "Feature",
            "properties": {
                "mag": 1.6,
                "place": "23 km WNW of Clam Gulch, Alaska",
                "time": 1772559605405,
                "updated": 1772623450889,
                "tz": null,
                "url": "https://earthquake.usgs.gov/earthquakes/eventpage/aka2026ejilfc",
                "detail": "https://earthquake.usgs.gov/earthquakes/feed/v1.0/detail/aka2026ejilfc.geojson",
                "felt": null,
                "cdi": null,
                "mmi": null,
                "alert": null,
                "status": "reviewed",
                "tsunami": 0,
                "sig": 39,
                "net": "ak",
                "code": "a2026ejilfc",
                "ids": ",aka2026ejilfc,",
                "sources": ",ak,",
                "types": ",origin,phase-data,",
                "nst": 19,
                "dmin": 0.5,
                "rms": 0.6,
                "gap": 95,
                "magType": "ml",
                "type": "earthquake",
                "title": "M 1.6 - 23 km WNW of Clam Gulch, Alaska"
            },
            "geometry": {
                "type": "Point",
                "coordinates": [
                    -151.802,
                    60.278,
                    79.6
                ]
            },
            "id": "aka2026ejilfc"
        },
        {
            "type": "Feature",
            "properties": {
                "mag": 2,
                "place": "37 km NNE of Amboy, Washington",
                "time": 1772559471760,
                "updated": 1772559975650,
                "tz": null,
                "url": "https://earthquake.usgs.gov/earthquakes/eventpage/uw62229776",
                "detail": "https://earthquake.usgs.gov/earthquakes/feed/v1.0/detail/uw62229776.geojson",
                "felt": null,
                "cdi": null,
                "mmi": null,
                "alert": null,
                "status": "reviewed",
                "tsunami": 0,
                "sig": 62,
                "net": "uw",
                "code": "62229776",
                "ids": ",uw62229776,",
                "sources": ",uw,",
                "types": ",origin,phase-data,",
                "nst": 64,
                "dmin": 0.001615,
                "rms": 0.11,
                "gap": 51,
                "magType": "ml",
                "type": "earthquake",
                "title": "M 2.0 - 37 km NNE of Amboy, Washington"
            },
            "geometry": {
                "type": "Point",
                "coordinates": [
                    -122.18933333333334,
                    46.201,
                    2.17
                ]
            },
            "id": "uw62229776"
        },
        {
            "type": "Feature",
            "properties": {
                "mag": 2.1,
                "place": "113 km N of Yakutat, Alaska",
                "time": 1772559385839,
                "updated": 1772623333881,
                "tz": null,
                "url": "https://earthquake.usgs.gov/earthquakes/eventpage/aka2026ejiibf",
                "detail": "https://earthquake.usgs.gov/earthquakes/feed/v1.0/detail/aka2026ejiibf.geojson",
                "felt": null,
                "cdi": null,
                "mmi": null,
                "alert": null,
                "status": "reviewed",
                "tsunami": 0,
                "sig": 68,
                "net": "ak",
                "code": "a2026ejiibf",
                "ids": ",aka2026ejiibf,",
                "sources": ",ak,",
                "types": ",origin,phase-data,",
                "nst": 15,
                "dmin": 0.5,
                "rms": 0.7,
                "gap": 85,
                "magType": "ml",
                "type": "earthquake",
                "title": "M 2.1 - 113 km N of Yakutat, Alaska"
            },
            "geometry": {
                "type": "Point",
                "coordinates": [
                    -139.996,
                    60.556,
                    12
                ]
            },
            "id": "aka2026ejiibf"
        },
        {
            "type": "Feature",
            "properties": {
                "mag": 1.39,
                "place": "19 km ESE of Little Lake, CA",
                "time": 1772559384600,
                "updated": 1772568366690,
                "tz": null,
                "url": "https://earthquake.usgs.gov/earthquakes/eventpage/ci41408184",
                "detail": "https://earthquake.usgs.gov/earthquakes/feed/v1.0/detail/ci41408184.geojson",
                "felt": null,
                "cdi": null,
                "mmi": null,
                "alert": null,
                "status": "reviewed",
                "tsunami": 0,
                "sig": 30,
                "net": "ci",
                "code": "41408184",
                "ids": ",ci41408184,",
                "sources": ",ci,",
                "types": ",nearby-cities,origin,phase-data,scitech-link,",
                "nst": 26,
                "dmin": 0.07528,
                "rms": 0.14,
                "gap": 43,
                "magType": "ml",
                "type": "earthquake",
                "title": "M 1.4 - 19 km ESE of Little Lake, CA"
            },
            "geometry": {
                "type": "Point",
                "coordinates": [
                    -117.712,
                    35.8705,
                    10.46
                ]
            },
            "id": "ci41408184"
        },
        {
            "type": "Feature",
            "properties": {
                "mag": 2.33,
                "place": "51 km ESE of Beatty, Nevada",
                "time": 1772559338267,
                "updated": 1772561336404,
                "tz": null,
                "url": "https://earthquake.usgs.gov/earthquakes/eventpage/nn00911696",
                "detail": "https://earthquake.usgs.gov/earthquakes/feed/v1.0/detail/nn00911696.geojson",
                "felt": null,
                "cdi": null,
                "mmi": null,
                "alert": null,
                "status": "reviewed",
                "tsunami": 0,
                "sig": 84,
                "net": "nn",
                "code": "00911696",
                "ids": ",nn00911696,",
                "sources": ",nn,",
                "types": ",origin,phase-data,",
                "nst": 43,
                "dmin": 0.055,
                "rms": 0.1281,
                "gap": 73,
                "magType": "ml",
                "type": "earthquake",
                "title": "M 2.3 - 51 km ESE of Beatty, Nevada"
            },
            "geometry": {
                "type": "Point",
                "coordinates": [
                    -116.2717,
                    36.6542,
                    7.4785
                ]
            },
            "id": "nn00911696"
        },
        {
            "type": "Feature",
            "properties": {
                "mag": 1.8,
                "place": "31 km NW of Toyah, Texas",
                "time": 1772559272852,
                "updated": 1772560914983,
                "tz": null,
                "url": "https://earthquake.usgs.gov/earthquakes/eventpage/tx2026ejigko",
                "detail": "https://earthquake.usgs.gov/earthquakes/feed/v1.0/detail/tx2026ejigko.geojson",
                "felt": null,
                "cdi": null,
                "mmi": null,
                "alert": null,
                "status": "reviewed",
                "tsunami": 0,
                "sig": 50,
                "net": "tx",
                "code": "2026ejigko",
                "ids": ",tx2026ejigko,",
                "sources": ",tx,",
                "types": ",origin,phase-data,",
                "nst": 35,
                "dmin": 0,
                "rms": 0.2,
                "gap": 56,
                "magType": "ml",
                "type": "earthquake",
                "title": "M 1.8 - 31 km NW of Toyah, Texas"
            },
            "geometry": {
                "type": "Point",
                "coordinates": [
                    -104.006,
                    31.531,
                    6.7279
                ]
            },
            "id": "tx2026ejigko"
        },
        {
            "type": "Feature",
            "properties": {
                "mag": 1.57,
                "place": "53 km SE of Beatty, Nevada",
                "time": 1772559028263,
                "updated": 1772559144409,
                "tz": null,
                "url": "https://earthquake.usgs.gov/earthquakes/eventpage/nn00911692",
                "detail": "https://earthquake.usgs.gov/earthquakes/feed/v1.0/detail/nn00911692.geojson",
                "felt": null,
                "cdi": null,
                "mmi": null,
                "alert": null,
                "status": "automatic",
                "tsunami": 0,
                "sig": 38,
                "net": "nn",
                "code": "00911692",
                "ids": ",nn00911692,",
                "sources": ",nn,",
                "types": ",origin,phase-data,",
                "nst": 26,
                "dmin": 0.057,
                "rms": 0.2059,
                "gap": 85,
                "magType": "ml",
                "type": "earthquake",
                "title": "M 1.6 - 53 km SE of Beatty, Nevada"
            },
            "geometry": {
                "type": "Point",
                "coordinates": [
                    -116.2683,
                    36.6394,
                    7.376
                ]
            },
            "id": "nn00911692"
        },
        {
            "type": "Feature",
            "properties": {
                "mag": 1.6,
                "place": "30 km NW of Toyah, Texas",
                "time": 1772558654883,
                "updated": 1772563102636,
                "tz": null,
                "url": "https://earthquake.usgs.gov/earthquakes/eventpage/tx2026ejhxov",
                "detail": "https://earthquake.usgs.gov/earthquakes/feed/v1.0/detail/tx2026ejhxov.geojson",
                "felt": null,
                "cdi": null,
                "mmi": null,
                "alert": null,
                "status": "reviewed",
                "tsunami": 0,
                "sig": 39,
                "net": "tx",
                "code": "2026ejhxov",
                "ids": ",tx2026ejhxov,",
                "sources": ",tx,",
                "types": ",origin,phase-data,",
                "nst": 23,
                "dmin": 0,
                "rms": 0.1,
                "gap": 60,
                "magType": "ml",
                "type": "earthquake",
                "title": "M 1.6 - 30 km NW of Toyah, Texas"
            },
            "geometry": {
                "type": "Point",
                "coordinates": [
                    -104.007,
                    31.524,
                    7.7405
                ]
            },
            "id": "tx2026ejhxov"
        },
        {
            "type": "Feature",
            "properties": {
                "mag": 3.76,
                "place": "52 km ESE of Beatty, Nevada",
                "time": 1772558583992,
                "updated": 1772580403604,
                "tz": null,
                "url": "https://earthquake.usgs.gov/earthquakes/eventpage/nn00911685",
                "detail": "https://earthquake.usgs.gov/earthquakes/feed/v1.0/detail/nn00911685.geojson",
                "felt": 11,
                "cdi": 3.4,
                "mmi": 3.843,
                "alert": "green",
                "status": "reviewed",
                "tsunami": 0,
                "sig": 221,
                "net": "nn",
                "code": "00911685",
                "ids": ",nn00911685,us7000s1qi,ci41408168,",
                "sources": ",nn,us,ci,",
                "types": ",dyfi,losspager,moment-tensor,origin,phase-data,shakemap,",
                "nst": 29,
                "dmin": 0.055,
                "rms": 0.0965,
                "gap": 95,
                "magType": "mw",
                "type": "earthquake",
                "title": "M 3.8 - 52 km ESE of Beatty, Nevada"
            },
            "geometry": {
                "type": "Point",
                "coordinates": [
                    -116.2704,
                    36.6503,
                    7
                ]
            },
            "id": "nn00911685"
        },
        {
            "type": "Feature",
            "properties": {
                "mag": 1.6,
                "place": "31 km NW of Toyah, Texas",
                "time": 1772558400459,
                "updated": 1772558956187,
                "tz": null,
                "url": "https://earthquake.usgs.gov/earthquakes/eventpage/tx2026ejhtxa",
                "detail": "https://earthquake.usgs.gov/earthquakes/feed/v1.0/detail/tx2026ejhtxa.geojson",
                "felt": null,
                "cdi": null,
                "mmi": null,
                "alert": null,
                "status": "reviewed",
                "tsunami": 0,
                "sig": 39,
                "net": "tx",
                "code": "2026ejhtxa",
                "ids": ",tx2026ejhtxa,",
                "sources": ",tx,",
                "types": ",origin,phase-data,",
                "nst": 29,
                "dmin": 0,
                "rms": 0.1,
                "gap": 56,
                "magType": "ml",
                "type": "earthquake",
                "title": "M 1.6 - 31 km NW of Toyah, Texas"
            },
            "geometry": {
                "type": "Point",
                "coordinates": [
                    -104.007,
                    31.535,
                    6.5356
                ]
            },
            "id": "tx2026ejhtxa"
        },
        {
            "type": "Feature",
            "properties": {
                "mag": 1.13,
                "place": "10 km NE of Julian, CA",
                "time": 1772558215760,
                "updated": 1772559885478,
                "tz": null,
                "url": "https://earthquake.usgs.gov/earthquakes/eventpage/ci41408160",
                "detail": "https://earthquake.usgs.gov/earthquakes/feed/v1.0/detail/ci41408160.geojson",
                "felt": null,
                "cdi": null,
                "mmi": null,
                "alert": null,
                "status": "reviewed",
                "tsunami": 0,
                "sig": 20,
                "net": "ci",
                "code": "41408160",
                "ids": ",ci41408160,",
                "sources": ",ci,",
                "types": ",nearby-cities,origin,phase-data,scitech-link,",
                "nst": 47,
                "dmin": 0.08205,
                "rms": 0.19,
                "gap": 40,
                "magType": "ml",
                "type": "earthquake",
                "title": "M 1.1 - 10 km NE of Julian, CA"
            },
            "geometry": {
                "type": "Point",
                "coordinates": [
                    -116.538166666667,
                    33.1463333333333,
                    6.98
                ]
            },
            "id": "ci41408160"
        },
        {
            "type": "Feature",
            "properties": {
                "mag": 1.7,
                "place": "83 km ENE of McCarthy, Alaska",
                "time": 1772558142743,
                "updated": 1772623225873,
                "tz": null,
                "url": "https://earthquake.usgs.gov/earthquakes/eventpage/aka2026ejhqfm",
                "detail": "https://earthquake.usgs.gov/earthquakes/feed/v1.0/detail/aka2026ejhqfm.geojson",
                "felt": null,
                "cdi": null,
                "mmi": null,
                "alert": null,
                "status": "reviewed",
                "tsunami": 0,
                "sig": 44,
                "net": "ak",
                "code": "a2026ejhqfm",
                "ids": ",aka2026ejhqfm,",
                "sources": ",ak,",
                "types": ",origin,phase-data,",
                "nst": 8,
                "dmin": 0.5,
                "rms": 0.5,
                "gap": 176,
                "magType": "ml",
                "type": "earthquake",
                "title": "M 1.7 - 83 km ENE of McCarthy, Alaska"
            },
            "geometry": {
                "type": "Point",
                "coordinates": [
                    -141.432,
                    61.664,
                    9.2
                ]
            },
            "id": "aka2026ejhqfm"
        },
        {
            "type": "Feature",
            "properties": {
                "mag": 1.9,
                "place": "5 km SSW of Big Lake, Alaska",
                "time": 1772557167041,
                "updated": 1772623095866,
                "tz": null,
                "url": "https://earthquake.usgs.gov/earthquakes/eventpage/aka2026ejhcef",
                "detail": "https://earthquake.usgs.gov/earthquakes/feed/v1.0/detail/aka2026ejhcef.geojson",
                "felt": null,
                "cdi": null,
                "mmi": null,
                "alert": null,
                "status": "reviewed",
                "tsunami": 0,
                "sig": 56,
                "net": "ak",
                "code": "a2026ejhcef",
                "ids": ",aka2026ejhcef,",
                "sources": ",ak,",
                "types": ",origin,phase-data,",
                "nst": 35,
                "dmin": 0.3,
                "rms": 0.8,
                "gap": 41,
                "magType": "ml",
                "type": "earthquake",
                "title": "M 1.9 - 5 km SSW of Big Lake, Alaska"
            },
            "geometry": {
                "type": "Point",
                "coordinates": [
                    -150.003,
                    61.475,
                    28.6
                ]
            },
            "id": "aka2026ejhcef"
        },
        {
            "type": "Feature",
            "properties": {
                "mag": 0.97,
                "place": "7 km N of Yucca Valley, CA",
                "time": 1772554845430,
                "updated": 1772567003901,
                "tz": null,
                "url": "https://earthquake.usgs.gov/earthquakes/eventpage/ci41408120",
                "detail": "https://earthquake.usgs.gov/earthquakes/feed/v1.0/detail/ci41408120.geojson",
                "felt": null,
                "cdi": null,
                "mmi": null,
                "alert": null,
                "status": "reviewed",
                "tsunami": 0,
                "sig": 14,
                "net": "ci",
                "code": "41408120",
                "ids": ",ci41408120,",
                "sources": ",ci,",
                "types": ",nearby-cities,origin,phase-data,scitech-link,",
                "nst": 23,
                "dmin": 0.03494,
                "rms": 0.18,
                "gap": 55,
                "magType": "ml",
                "type": "earthquake",
                "title": "M 1.0 - 7 km N of Yucca Valley, CA"
            },
            "geometry": {
                "type": "Point",
                "coordinates": [
                    -116.442333333333,
                    34.1793333333333,
                    7.24
                ]
            },
            "id": "ci41408120"
        },
        {
            "type": "Feature",
            "properties": {
                "mag": 2.09,
                "place": "2 km WSW of P\u0101hala, Hawaii",
                "time": 1772554296690,
                "updated": 1772571004170,
                "tz": null,
                "url": "https://earthquake.usgs.gov/earthquakes/eventpage/hv74912431",
                "detail": "https://earthquake.usgs.gov/earthquakes/feed/v1.0/detail/hv74912431.geojson",
                "felt": null,
                "cdi": null,
                "mmi": null,
                "alert": null,
                "status": "reviewed",
                "tsunami": 0,
                "sig": 67,
                "net": "hv",
                "code": "74912431",
                "ids": ",hv74912431,",
                "sources": ",hv,",
                "types": ",origin,phase-data,",
                "nst": 36,
                "dmin": 0.05159,
                "rms": 0.11,
                "gap": 80,
                "magType": "md",
                "type": "earthquake",
                "title": "M 2.1 - 2 km WSW of P\u0101hala, Hawaii"
            },
            "geometry": {
                "type": "Point",
                "coordinates": [
                    -155.503166666667,
                    19.1966666666667,
                    36.84
                ]
            },
            "id": "hv74912431"
        },
        {
            "type": "Feature",
            "properties": {
                "mag": 1.52,
                "place": "1 km W of P\u0101hala, Hawaii",
                "time": 1772554289300,
                "updated": 1772571364760,
                "tz": null,
                "url": "https://earthquake.usgs.gov/earthquakes/eventpage/hv74912426",
                "detail": "https://earthquake.usgs.gov/earthquakes/feed/v1.0/detail/hv74912426.geojson",
                "felt": null,
                "cdi": null,
                "mmi": null,
                "alert": null,
                "status": "reviewed",
                "tsunami": 0,
                "sig": 36,
                "net": "hv",
                "code": "74912426",
                "ids": ",hv74912426,",
                "sources": ",hv,",
                "types": ",origin,phase-data,",
                "nst": 23,
                "dmin": 0.04451,
                "rms": 0.13,
                "gap": 75,
                "magType": "md",
                "type": "earthquake",
                "title": "M 1.5 - 1 km W of P\u0101hala, Hawaii"
            },
            "geometry": {
                "type": "Point",
                "coordinates": [
                    -155.493,
                    19.204,
                    35.74
                ]
            },
            "id": "hv74912426"
        },
        {
            "type": "Feature",
            "properties": {
                "mag": 1.83,
                "place": "7 km SSW of Gu\u00e1nica, Puerto Rico",
                "time": 1772554275490,
                "updated": 1772554909980,
                "tz": null,
                "url": "https://earthquake.usgs.gov/earthquakes/eventpage/pr71508928",
                "detail": "https://earthquake.usgs.gov/earthquakes/feed/v1.0/detail/pr71508928.geojson",
                "felt": null,
                "cdi": null,
                "mmi": null,
                "alert": null,
                "status": "reviewed",
                "tsunami": 0,
                "sig": 52,
                "net": "pr",
                "code": "71508928",
                "ids": ",pr71508928,",
                "sources": ",pr,",
                "types": ",origin,phase-data,",
                "nst": 5,
                "dmin": 0.08578,
                "rms": 0.17,
                "gap": 264,
                "magType": "md",
                "type": "earthquake",
                "title": "M 1.8 - 7 km SSW of Gu\u00e1nica, Puerto Rico"
            },
            "geometry": {
                "type": "Point",
                "coordinates": [
                    -66.9341666666667,
                    17.9066666666667,
                    11
                ]
            },
            "id": "pr71508928"
        },
        {
            "type": "Feature",
            "properties": {
                "mag": 1.8,
                "place": "113 km N of Yakutat, Alaska",
                "time": 1772553790961,
                "updated": 1772624429528,
                "tz": null,
                "url": "https://earthquake.usgs.gov/earthquakes/eventpage/aka2026ejffrk",
                "detail": "https://earthquake.usgs.gov/earthquakes/feed/v1.0/detail/aka2026ejffrk.geojson",
                "felt": null,
                "cdi": null,
                "mmi": null,
                "alert": null,
                "status": "reviewed",
                "tsunami": 0,
                "sig": 50,
                "net": "ak",
                "code": "a2026ejffrk",
                "ids": ",aka2026ejffrk,",
                "sources": ",ak,",
                "types": ",origin,phase-data,",
                "nst": 11,
                "dmin": 0.5,
                "rms": 0.5,
                "gap": 91,
                "magType": "ml",
                "type": "earthquake",
                "title": "M 1.8 - 113 km N of Yakutat, Alaska"
            },
            "geometry": {
                "type": "Point",
                "coordinates": [
                    -139.833,
                    60.567,
                    17.8
                ]
            },
            "id": "aka2026ejffrk"
        },
        {
            "type": "Feature",
            "properties": {
                "mag": 1.7,
                "place": "11 km NNW of Toyah, Texas",
                "time": 1772553769434,
                "updated": 1772554404193,
                "tz": null,
                "url": "https://earthquake.usgs.gov/earthquakes/eventpage/tx2026ejffjs",
                "detail": "https://earthquake.usgs.gov/earthquakes/feed/v1.0/detail/tx2026ejffjs.geojson",
                "felt": null,
                "cdi": null,
                "mmi": null,
                "alert": null,
                "status": "reviewed",
                "tsunami": 0,
                "sig": 44,
                "net": "tx",
                "code": "2026ejffjs",
                "ids": ",tx2026ejffjs,",
                "sources": ",tx,",
                "types": ",origin,phase-data,",
                "nst": 34,
                "dmin": 0.1,
                "rms": 0.1,
                "gap": 57,
                "magType": "ml",
                "type": "earthquake",
                "title": "M 1.7 - 11 km NNW of Toyah, Texas"
            },
            "geometry": {
                "type": "Point",
                "coordinates": [
                    -103.828,
                    31.418,
                    7.0227
                ]
            },
            "id": "tx2026ejffjs"
        },
        {
            "type": "Feature",
            "properties": {
                "mag": 2.3,
                "place": "5 km SSW of Big Lake, Alaska",
                "time": 1772553637313,
                "updated": 1772624300678,
                "tz": null,
                "url": "https://earthquake.usgs.gov/earthquakes/eventpage/aka2026ejfdlf",
                "detail": "https://earthquake.usgs.gov/earthquakes/feed/v1.0/detail/aka2026ejfdlf.geojson",
                "felt": null,
                "cdi": null,
                "mmi": null,
                "alert": null,
                "status": "reviewed",
                "tsunami": 0,
                "sig": 81,
                "net": "ak",
                "code": "a2026ejfdlf",
                "ids": ",aka2026ejfdlf,",
                "sources": ",ak,",
                "types": ",origin,phase-data,",
                "nst": 54,
                "dmin": 0.3,
                "rms": 0.9,
                "gap": 33,
                "magType": "ml",
                "type": "earthquake",
                "title": "M 2.3 - 5 km SSW of Big Lake, Alaska"
            },
            "geometry": {
                "type": "Point",
                "coordinates": [
                    -150.008,
                    61.477,
                    29.7
                ]
            },
            "id": "aka2026ejfdlf"
        },
        {
            "type": "Feature",
            "properties": {
                "mag": 2.1,
                "place": "31 km NW of Toyah, Texas",
                "time": 1772553208125,
                "updated": 1772554562785,
                "tz": null,
                "url": "https://earthquake.usgs.gov/earthquakes/eventpage/tx2026ejexfy",
                "detail": "https://earthquake.usgs.gov/earthquakes/feed/v1.0/detail/tx2026ejexfy.geojson",
                "felt": null,
                "cdi": null,
                "mmi": null,
                "alert": null,
                "status": "reviewed",
                "tsunami": 0,
                "sig": 68,
                "net": "tx",
                "code": "2026ejexfy",
                "ids": ",tx2026ejexfy,",
                "sources": ",tx,",
                "types": ",origin,phase-data,",
                "nst": 34,
                "dmin": 0,
                "rms": 0.1,
                "gap": 56,
                "magType": "ml",
                "type": "earthquake",
                "title": "M 2.1 - 31 km NW of Toyah, Texas"
            },
            "geometry": {
                "type": "Point",
                "coordinates": [
                    -104.007,
                    31.532,
                    6.933
                ]
            },
            "id": "tx2026ejexfy"
        },
        {
            "type": "Feature",
            "properties": {
                "mag": 1.8,
                "place": "12 km NW of Willow, Alaska",
                "time": 1772552480407,
                "updated": 1772624070657,
                "tz": null,
                "url": "https://earthquake.usgs.gov/earthquakes/eventpage/aka2026ejemwd",
                "detail": "https://earthquake.usgs.gov/earthquakes/feed/v1.0/detail/aka2026ejemwd.geojson",
                "felt": null,
                "cdi": null,
                "mmi": null,
                "alert": null,
                "status": "reviewed",
                "tsunami": 0,
                "sig": 50,
                "net": "ak",
                "code": "a2026ejemwd",
                "ids": ",aka2026ejemwd,",
                "sources": ",ak,",
                "types": ",origin,phase-data,",
                "nst": 36,
                "dmin": 0.5,
                "rms": 0.7,
                "gap": 36,
                "magType": "ml",
                "type": "earthquake",
                "title": "M 1.8 - 12 km NW of Willow, Alaska"
            },
            "geometry": {
                "type": "Point",
                "coordinates": [
                    -150.17,
                    61.84,
                    22.2
                ]
            },
            "id": "aka2026ejemwd"
        },
        {
            "type": "Feature",
            "properties": {
                "mag": 3,
                "place": "144 km NW of Cold Bay, Alaska",
                "time": 1772552292152,
                "updated": 1772623936644,
                "tz": null,
                "url": "https://earthquake.usgs.gov/earthquakes/eventpage/aka2026ejekhu",
                "detail": "https://earthquake.usgs.gov/earthquakes/feed/v1.0/detail/aka2026ejekhu.geojson",
                "felt": null,
                "cdi": null,
                "mmi": null,
                "alert": null,
                "status": "reviewed",
                "tsunami": 0,
                "sig": 138,
                "net": "ak",
                "code": "a2026ejekhu",
                "ids": ",aka2026ejekhu,",
                "sources": ",ak,",
                "types": ",origin,phase-data,",
                "nst": 20,
                "dmin": 1.4,
                "rms": 0.9,
                "gap": 200,
                "magType": "ml",
                "type": "earthquake",
                "title": "M 3.0 - 144 km NW of Cold Bay, Alaska"
            },
            "geometry": {
                "type": "Point",
                "coordinates": [
                    -164.313,
                    56.122,
                    14
                ]
            },
            "id": "aka2026ejekhu"
        },
        {
            "type": "Feature",
            "properties": {
                "mag": 4.5,
                "place": "5 km ENE of Yujing, Taiwan",
                "time": 1772552070063,
                "updated": 1772560584040,
                "tz": null,
                "url": "https://earthquake.usgs.gov/earthquakes/eventpage/us7000s1q1",
                "detail": "https://earthquake.usgs.gov/earthquakes/feed/v1.0/detail/us7000s1q1.geojson",
                "felt": null,
                "cdi": null,
                "mmi": null,
                "alert": null,
                "status": "reviewed",
                "tsunami": 0,
                "sig": 312,
                "net": "us",
                "code": "7000s1q1",
                "ids": ",us7000s1q1,",
                "sources": ",us,",
                "types": ",origin,phase-data,",
                "nst": 23,
                "dmin": 0.186,
                "rms": 0.73,
                "gap": 85,
                "magType": "mb",
                "type": "earthquake",
                "title": "M 4.5 - 5 km ENE of Yujing, Taiwan"
            },
            "geometry": {
                "type": "Point",
                "coordinates": [
                    120.508,
                    23.1513,
                    10
                ]
            },
            "id": "us7000s1q1"
        },
        {
            "type": "Feature",
            "properties": {
                "mag": 1.05,
                "place": "7 km NW of The Geysers, CA",
                "time": 1772551883180,
                "updated": 1772557641055,
                "tz": null,
                "url": "https://earthquake.usgs.gov/earthquakes/eventpage/nc75321927",
                "detail": "https://earthquake.usgs.gov/earthquakes/feed/v1.0/detail/nc75321927.geojson",
                "felt": null,
                "cdi": null,
                "mmi": null,
                "alert": null,
                "status": "automatic",
                "tsunami": 0,
                "sig": 17,
                "net": "nc",
                "code": "75321927",
                "ids": ",nc75321927,",
                "sources": ",nc,",
                "types": ",nearby-cities,origin,phase-data,scitech-link,",
                "nst": 20,
                "dmin": 0.01838,
                "rms": 0.03,
                "gap": 58,
                "magType": "md",
                "type": "earthquake",
                "title": "M 1.1 - 7 km NW of The Geysers, CA"
            },
            "geometry": {
                "type": "Point",
                "coordinates": [
                    -122.811500549316,
                    38.8233337402344,
                    2.0699999332428
                ]
            },
            "id": "nc75321927"
        },
        {
            "type": "Feature",
            "properties": {
                "mag": 1.09,
                "place": "2 km SE of Mammoth Lakes, CA",
                "time": 1772551408110,
                "updated": 1772555842839,
                "tz": null,
                "url": "https://earthquake.usgs.gov/earthquakes/eventpage/nc75321922",
                "detail": "https://earthquake.usgs.gov/earthquakes/feed/v1.0/detail/nc75321922.geojson",
                "felt": null,
                "cdi": null,
                "mmi": null,
                "alert": null,
                "status": "automatic",
                "tsunami": 0,
                "sig": 18,
                "net": "nc",
                "code": "75321922",
                "ids": ",nc75321922,",
                "sources": ",nc,",
                "types": ",nearby-cities,origin,phase-data,scitech-link,",
                "nst": 14,
                "dmin": 0.03787,
                "rms": 0.05,
                "gap": 80,
                "magType": "md",
                "type": "earthquake",
                "title": "M 1.1 - 2 km SE of Mammoth Lakes, CA"
            },
            "geometry": {
                "type": "Point",
                "coordinates": [
                    -118.96199798584,
                    37.623664855957,
                    6.86999988555908
                ]
            },
            "id": "nc75321922"
        },
        {
            "type": "Feature",
            "properties": {
                "mag": 2,
                "place": "11 km ESE of Pearsall, Texas",
                "time": 1772549955466,
                "updated": 1772557323119,
                "tz": null,
                "url": "https://earthquake.usgs.gov/earthquakes/eventpage/tx2026ejdcqj",
                "detail": "https://earthquake.usgs.gov/earthquakes/feed/v1.0/detail/tx2026ejdcqj.geojson",
                "felt": null,
                "cdi": null,
                "mmi": null,
                "alert": null,
                "status": "reviewed",
                "tsunami": 0,
                "sig": 62,
                "net": "tx",
                "code": "2026ejdcqj",
                "ids": ",tx2026ejdcqj,",
                "sources": ",tx,",
                "types": ",origin,phase-data,",
                "nst": 11,
                "dmin": 0.1,
                "rms": 0.3,
                "gap": 83,
                "magType": "ml",
                "type": "earthquake",
                "title": "M 2.0 - 11 km ESE of Pearsall, Texas"
            },
            "geometry": {
                "type": "Point",
                "coordinates": [
                    -98.985,
                    28.849,
                    9.5894
                ]
            },
            "id": "tx2026ejdcqj"
        },
        {
            "type": "Feature",
            "properties": {
                "mag": 4.9,
                "place": "Volcano Islands, Japan region",
                "time": 1772549756348,
                "updated": 1772555615040,
                "tz": null,
                "url": "https://earthquake.usgs.gov/earthquakes/eventpage/us7000s1py",
                "detail": "https://earthquake.usgs.gov/earthquakes/feed/v1.0/detail/us7000s1py.geojson",
                "felt": null,
                "cdi": null,
                "mmi": null,
                "alert": null,
                "status": "reviewed",
                "tsunami": 0,
                "sig": 369,
                "net": "us",
                "code": "7000s1py",
                "ids": ",us7000s1py,",
                "sources": ",us,",
                "types": ",origin,phase-data,",
                "nst": 178,
                "dmin": 7.948,
                "rms": 0.59,
                "gap": 53,
                "magType": "mb",
                "type": "earthquake",
                "title": "M 4.9 - Volcano Islands, Japan region"
            },
            "geometry": {
                "type": "Point",
                "coordinates": [
                    144.3601,
                    23.1148,
                    10
                ]
            },
            "id": "us7000s1py"
        }
    ],
    "bbox": [
        -179.8153,
        -32.1233,
        -0.82,
        176.6777,
        66.047,
        526.923
    ]
}